,Age,Gender,Weight,Height,Max_BPM,Avg_BPM,Resting_BPM,Duration,Calories_Burned,Workout_Type,Fat_Percentage,Water_Intake,Frequency,BMI,Intensity,avg_calories_burned,heart_rate_reserve,heart_rate_recovery,perceived_intensity,fitness_composite_score
0,56,Male,88.3,1.71,180,157,60,1.69,1313.0,Yoga,12.6,3.5,4,30.2,Low,12.95,120,0.96,87.22,3.67
1,46,Female,74.9,1.53,179,151,66,1.3,883.0,HIIT,33.9,2.1,4,32.0,High,11.32,113,1.09,84.36,5.0
2,32,Female,68.1,1.66,167,122,54,1.11,677.0,Cardio,33.4,2.3,4,24.71,Mid,10.17,113,1.02,73.05,3.67
3,25,Male,53.2,1.7,190,164,56,0.59,532.0,Strength,28.8,2.1,3,18.41,High,15.03,134,3.05,86.32,2.33
4,38,Male,46.1,1.79,188,158,68,0.64,556.0,Strength,29.2,2.8,3,14.39,High,14.48,120,2.34,84.04,3.67
5,56,Female,58.0,1.68,168,156,74,1.59,1116.0,HIIT,15.5,2.7,5,20.55,High,11.7,94,0.86,92.86,3.67
6,36,Male,70.3,1.72,174,169,73,1.49,1385.0,Cardio,21.3,2.3,3,23.76,Mid,15.49,101,1.07,97.13,3.67
7,40,Female,69.7,1.51,189,141,64,1.27,895.0,Cardio,30.6,1.9,3,30.57,Mid,11.75,125,1.01,74.6,3.67
8,28,Male,121.7,1.94,185,127,52,1.03,719.0,Strength,28.9,2.6,4,32.34,High,11.63,133,1.21,68.65,2.33
9,28,Male,101.8,1.84,169,136,64,1.08,808.0,Cardio,29.7,2.7,3,30.07,Mid,12.47,105,1.11,80.47,5.0
10,41,Male,120.8,1.67,188,146,54,0.82,593.0,HIIT,20.5,3.0,2,43.31,High,12.05,134,1.87,77.66,3.67
11,53,Male,51.7,1.7,175,152,72,1.15,865.0,HIIT,23.6,3.5,3,17.89,High,12.54,103,1.16,86.86,3.67
12,57,Male,112.5,1.61,195,165,61,1.24,1013.0,Cardio,22.1,2.7,3,43.4,Mid,13.62,134,1.4,84.62,3.67
13,41,Male,94.5,2.0,179,136,69,1.18,794.0,HIIT,27.6,3.7,3,23.62,High,11.21,110,0.95,75.98,5.0
14,20,Male,117.7,1.81,196,161,54,1.35,1195.0,Yoga,26.4,3.3,3,35.93,Low,14.75,142,1.32,82.14,2.33
15,39,Female,42.5,1.75,181,131,52,1.13,740.0,Strength,26.2,2.1,2,13.88,High,10.91,129,1.17,72.38,1.0
16,19,Female,64.0,1.53,166,167,58,1.33,1111.0,HIIT,29.8,2.3,3,27.34,High,13.92,108,1.37,100.6,3.67
17,41,Female,43.8,1.77,182,165,58,1.19,884.0,Cardio,31.9,1.6,3,13.98,Mid,12.38,124,1.5,90.66,1.0
18,47,Female,66.8,1.75,199,146,56,1.13,742.0,Strength,32.8,2.5,3,21.81,High,10.94,143,1.33,73.37,3.67
19,55,Female,75.2,1.67,188,167,51,1.37,1030.0,HIIT,25.2,2.2,2,26.96,High,12.53,137,1.41,88.83,2.33
20,19,Male,89.0,1.77,175,127,72,1.5,1048.0,Strength,28.9,3.7,4,28.41,High,11.64,103,0.61,72.57,3.67
21,38,Male,71.9,1.77,197,142,72,1.12,875.0,Cardio,25.7,3.1,2,22.95,Mid,13.02,125,1.04,72.08,3.67
22,50,Female,71.0,1.68,187,161,70,1.17,848.0,Yoga,33.1,2.5,2,25.16,Low,12.08,117,1.3,86.1,3.67
23,29,Male,120.9,1.78,197,168,65,0.78,721.0,Yoga,28.1,3.4,2,38.16,Low,15.41,132,2.2,85.28,3.67
24,39,Female,64.3,1.69,190,148,58,1.25,925.0,HIIT,26.9,1.9,4,22.51,High,12.33,132,1.2,77.89,3.67
25,42,Female,63.7,1.71,173,169,62,1.42,1080.0,Yoga,26.1,1.8,3,21.78,Low,12.68,111,1.26,97.69,3.67
26,44,Male,65.2,1.8,192,139,68,0.73,502.0,HIIT,27.2,2.7,2,20.12,High,11.46,124,1.62,72.4,5.0
27,59,Male,53.9,1.75,168,135,69,1.48,989.0,Strength,21.6,2.8,4,17.6,High,11.14,99,0.74,80.36,3.67
28,45,Male,84.9,1.86,186,136,66,1.64,1104.0,HIIT,14.2,3.5,5,24.54,High,11.22,120,0.71,73.12,5.0
29,33,Female,78.0,1.68,183,135,55,1.29,871.0,HIIT,32.3,1.8,3,27.64,High,11.25,128,1.03,73.77,2.33
30,32,Male,108.2,1.8,172,138,53,1.27,964.0,HIIT,28.4,3.5,3,33.4,High,12.65,119,1.12,80.23,2.33
31,20,Female,65.4,1.52,185,127,50,1.03,654.0,Yoga,28.0,2.2,4,28.31,Low,10.58,135,1.25,68.65,2.33
32,54,Female,50.2,1.61,188,157,67,1.48,1046.0,HIIT,28.2,2.7,2,19.37,High,11.78,121,1.01,83.51,3.67
33,24,Female,58.9,1.51,187,157,68,1.04,816.0,Cardio,31.7,2.5,2,25.83,Mid,13.08,119,1.43,83.96,3.67
34,38,Male,81.4,1.71,187,148,58,1.52,1237.0,HIIT,10.2,3.5,5,27.84,High,13.56,129,0.99,79.14,3.67
35,26,Male,127.6,1.73,167,160,62,1.32,1162.0,Strength,27.3,2.9,3,42.63,High,14.67,105,1.24,95.81,5.0
36,56,Female,59.3,1.56,182,155,57,1.26,879.0,Cardio,33.4,2.6,4,24.37,Mid,11.63,125,1.3,85.16,2.33
37,35,Male,96.9,1.71,188,145,72,1.34,1069.0,Strength,24.2,2.9,3,33.14,High,13.3,116,0.91,77.13,5.0
38,21,Male,62.6,1.81,164,150,62,1.3,1072.0,Strength,27.6,3.5,4,19.11,High,13.74,102,1.13,91.46,3.67
39,42,Male,45.5,1.6,166,163,64,1.31,1057.0,Strength,21.7,2.6,3,17.77,High,13.45,102,1.26,98.19,3.67
40,31,Female,48.8,1.51,195,131,60,1.48,969.0,Cardio,28.2,2.0,2,21.4,Mid,10.91,135,0.8,67.18,5.0
41,26,Female,44.3,1.6,186,136,61,1.08,734.0,Cardio,34.7,2.0,3,17.3,Mid,11.33,125,1.16,73.12,3.67
42,43,Male,113.2,1.83,161,134,63,1.45,962.0,Yoga,29.9,2.9,4,33.8,Low,11.06,98,0.82,83.23,3.67
43,19,Female,60.5,1.59,184,128,53,1.14,730.0,Cardio,30.1,2.2,2,23.93,Mid,10.67,131,1.1,69.57,3.67
44,37,Male,124.2,1.76,168,158,50,1.5,1304.0,HIIT,29.3,2.8,2,40.1,High,14.49,118,1.2,94.05,3.67
45,45,Male,52.4,1.85,186,161,73,1.2,956.0,Strength,25.2,2.5,3,15.31,High,13.28,113,1.22,86.56,3.67
46,24,Male,54.7,1.74,160,167,53,0.84,772.0,Yoga,22.9,3.6,3,18.07,Low,15.32,107,2.26,104.38,1.0
47,25,Male,88.1,1.95,182,131,68,1.41,1016.0,Cardio,22.7,3.0,2,23.17,Mid,12.01,114,0.74,71.98,5.0
48,52,Female,59.7,1.71,169,151,58,1.23,836.0,Strength,34.3,2.0,3,20.42,High,11.33,111,1.26,89.35,3.67
49,31,Female,79.7,1.54,184,144,59,1.03,742.0,Cardio,26.7,2.3,4,33.61,Mid,12.01,125,1.38,78.26,2.33
50,34,Female,51.0,1.62,162,158,53,1.42,1122.0,Yoga,30.8,2.4,3,19.43,Low,13.17,109,1.23,97.53,2.33
51,53,Male,84.2,1.76,165,137,69,1.67,1133.0,Cardio,12.8,3.5,5,27.18,Mid,11.31,96,0.68,83.03,3.67
52,57,Male,122.1,1.89,165,134,58,1.13,750.0,Cardio,27.4,3.6,3,34.18,Mid,11.06,107,1.12,81.21,2.33
53,21,Male,96.7,1.72,161,151,62,1.26,1046.0,Strength,25.0,2.8,3,32.69,High,13.84,99,1.18,93.79,5.0
54,19,Female,73.0,1.79,177,125,61,0.81,506.0,HIIT,27.7,1.6,3,22.78,High,10.41,116,1.32,70.62,3.67
55,23,Male,114.8,1.6,182,163,60,1.47,1318.0,Cardio,21.7,2.7,4,44.84,Mid,14.94,122,1.17,89.56,3.67
56,59,Female,65.5,1.52,161,162,61,1.4,1021.0,Yoga,31.2,2.1,3,28.35,Low,12.15,100,1.2,100.62,3.67
57,21,Female,50.3,1.52,171,154,67,1.08,832.0,Cardio,32.2,2.6,3,21.77,Mid,12.84,104,1.34,90.06,3.67
58,46,Female,61.0,1.71,181,153,61,1.67,1150.0,Cardio,17.8,2.7,4,20.86,Mid,11.48,120,0.92,84.53,3.67
59,35,Female,44.6,1.62,196,157,65,0.56,440.0,HIIT,32.4,2.0,2,16.99,High,13.1,131,2.74,80.1,3.67
60,43,Female,58.2,1.61,179,124,54,1.04,580.0,Strength,26.4,2.6,3,22.45,High,9.29,125,1.12,69.27,2.33
61,51,Female,44.8,1.63,198,137,69,1.08,666.0,Yoga,33.8,2.1,4,16.86,Low,10.28,129,1.05,69.19,2.33
62,27,Male,87.5,1.63,183,135,74,1.75,1299.0,Strength,12.9,3.5,5,32.93,High,12.37,109,0.58,73.77,3.67
63,53,Male,51.8,1.74,179,127,61,1.23,773.0,Strength,21.3,3.7,3,17.11,High,10.47,118,0.89,70.95,2.33
64,31,Female,64.4,1.7,160,144,70,1.97,1418.0,Strength,17.3,2.7,5,22.28,High,12.0,90,0.63,90.0,5.0
65,48,Female,67.1,1.61,160,151,74,0.62,421.0,Cardio,33.4,1.5,2,25.89,Mid,11.32,86,2.07,94.38,3.67
66,32,Male,85.9,1.6,176,145,60,1.99,1587.0,HIIT,14.5,3.5,5,33.55,High,13.29,116,0.71,82.39,5.0
67,25,Female,65.4,1.77,160,141,58,0.89,627.0,Cardio,27.6,2.6,3,20.88,Mid,11.74,102,1.55,88.12,3.67
68,31,Female,61.1,1.76,189,150,67,1.81,1358.0,Yoga,18.6,2.7,4,19.72,Low,12.5,122,0.76,79.37,3.67
69,40,Male,106.5,1.65,162,162,74,1.32,1176.0,HIIT,21.0,3.6,4,39.12,High,14.85,88,1.11,100.0,5.0
70,57,Female,64.0,1.52,170,129,52,1.73,1004.0,Strength,15.2,2.7,5,27.7,High,9.67,118,0.74,75.88,3.67
71,38,Female,61.4,1.54,183,131,69,1.47,963.0,HIIT,30.6,2.7,3,25.89,High,10.92,114,0.7,71.58,3.67
72,33,Female,40.5,1.63,181,147,66,1.07,786.0,Yoga,31.9,1.5,4,15.24,Low,12.24,115,1.26,81.22,2.33
73,35,Male,70.1,1.79,185,125,63,1.08,743.0,Cardio,28.0,2.3,3,21.88,Mid,11.47,122,0.96,67.57,5.0
74,41,Male,94.1,1.62,172,139,50,1.13,777.0,Cardio,23.4,3.1,4,35.86,Mid,11.46,122,1.31,80.81,2.33
75,43,Male,55.5,1.82,160,124,66,1.08,663.0,Strength,20.1,2.0,3,16.76,High,10.23,94,0.9,77.5,2.33
76,42,Female,53.7,1.72,183,142,74,1.37,875.0,Cardio,29.8,1.6,3,18.15,Mid,10.64,109,0.83,77.6,2.33
77,58,Female,66.1,1.75,169,128,57,0.63,363.0,Cardio,25.2,1.8,2,21.58,Mid,9.6,112,1.88,75.74,2.33
78,46,Male,103.9,1.77,194,148,54,1.18,864.0,Yoga,20.9,2.9,2,33.16,Low,12.2,140,1.33,76.29,2.33
79,32,Female,61.7,1.58,183,135,54,1.87,1262.0,HIIT,16.6,2.7,5,24.72,High,11.25,129,0.72,73.77,2.33
80,18,Female,52.3,1.74,187,165,58,1.2,990.0,Cardio,29.4,2.2,2,17.27,Mid,13.75,129,1.49,88.24,1.0
81,42,Female,59.5,1.74,195,141,52,1.78,1129.0,Yoga,16.4,2.7,5,19.65,Low,10.57,143,0.83,72.31,2.33
82,24,Female,72.9,1.76,175,127,68,0.86,546.0,Yoga,30.8,1.5,3,23.53,Low,10.58,107,1.14,72.57,3.67
83,26,Female,76.7,1.63,199,139,72,1.08,751.0,Strength,25.6,1.7,2,28.87,High,11.59,127,1.03,69.85,3.67
84,41,Male,72.1,1.83,175,133,58,1.13,744.0,Yoga,21.4,2.8,3,21.53,Low,10.97,117,1.11,76.0,2.33
85,18,Female,54.8,1.68,176,158,71,1.27,1003.0,Strength,32.0,2.2,4,19.42,High,13.16,105,1.14,89.77,5.0
86,25,Male,105.0,1.88,174,156,67,1.34,1150.0,Cardio,21.4,2.3,3,29.71,Mid,14.3,107,1.11,89.66,3.67
87,41,Female,55.0,1.55,175,169,65,1.45,1103.0,Strength,31.4,2.0,4,22.89,High,12.68,110,1.2,96.57,3.67
88,28,Male,81.6,1.66,174,153,50,1.09,917.0,Yoga,20.5,3.5,4,29.61,Low,14.02,124,1.57,87.93,2.33
89,34,Female,75.6,1.6,193,130,51,0.64,416.0,HIIT,29.1,2.7,2,29.53,High,10.83,142,2.06,67.36,2.33
90,25,Male,81.5,1.61,170,159,63,1.93,1688.0,HIIT,10.9,3.5,4,31.44,High,14.58,107,0.83,93.53,5.0
91,52,Female,61.5,1.69,160,152,63,1.8,1231.0,Cardio,15.5,2.7,4,21.53,Mid,11.4,97,0.82,95.0,3.67
92,52,Male,74.0,1.63,174,150,50,1.26,936.0,Cardio,25.7,3.7,3,27.85,Mid,12.38,124,1.32,86.21,2.33
93,50,Female,56.4,1.59,185,163,74,1.26,924.0,HIIT,34.3,2.6,3,22.31,High,12.22,111,1.18,88.11,3.67
94,22,Male,102.6,1.84,163,153,65,1.25,1052.0,Strength,20.5,2.7,3,30.3,High,14.03,98,1.17,93.87,5.0
95,59,Female,54.6,1.57,164,169,64,0.58,441.0,Cardio,29.2,2.3,3,22.15,Mid,12.67,100,3.02,103.05,3.67
96,56,Male,129.0,1.78,194,126,64,1.29,805.0,Yoga,27.1,2.7,2,40.71,Low,10.4,130,0.8,64.95,3.67
97,58,Male,103.5,1.66,172,168,61,1.33,1106.0,Cardio,24.6,3.1,3,37.56,Mid,13.86,111,1.34,97.67,3.67
98,45,Female,59.4,1.51,169,142,65,1.15,735.0,Strength,33.1,1.9,4,26.05,High,10.65,104,1.12,84.02,5.0
99,24,Female,60.1,1.79,170,165,63,1.97,1625.0,Cardio,15.9,2.7,4,18.76,Mid,13.75,107,0.86,97.06,3.67
100,26,Male,77.7,1.62,177,126,73,1.16,804.0,Yoga,29.6,3.0,3,29.61,Low,11.55,104,0.76,71.19,3.67
101,25,Female,41.2,1.62,193,144,64,1.49,1073.0,Yoga,28.9,2.1,4,15.7,Low,12.0,129,0.89,74.61,2.33
102,29,Male,58.6,1.61,198,122,72,1.2,805.0,Yoga,23.4,2.0,3,22.61,Low,11.18,126,0.69,61.62,3.67
103,51,Male,109.3,1.78,182,157,64,0.54,420.0,Strength,28.7,3.3,3,34.5,High,12.96,118,2.87,86.26,3.67
104,50,Male,69.6,1.96,166,139,68,0.97,667.0,Strength,25.6,2.0,3,18.12,High,11.46,98,1.22,83.73,3.67
105,40,Female,56.2,1.79,198,153,57,1.79,1369.0,Yoga,17.6,2.7,5,17.54,Low,12.75,141,0.89,77.27,1.0
106,41,Male,71.7,1.96,162,168,51,0.51,424.0,Yoga,27.3,2.5,2,18.66,Low,13.86,111,3.82,103.7,2.33
107,54,Male,86.0,1.93,171,163,51,1.74,1404.0,Strength,12.9,3.5,5,23.09,High,13.45,120,1.07,95.32,2.33
108,52,Female,79.4,1.59,166,163,59,1.39,1020.0,Strength,26.6,1.5,3,31.41,High,12.23,107,1.25,98.19,2.33
109,57,Female,78.4,1.62,185,149,52,1.01,677.0,Strength,31.7,2.0,4,29.87,High,11.17,133,1.6,80.54,2.33
110,39,Female,55.4,1.6,192,136,72,1.44,979.0,HIIT,26.3,1.6,3,21.64,High,11.33,120,0.74,70.83,5.0
111,44,Female,61.7,1.55,196,129,66,1.41,819.0,Strength,33.1,2.6,4,25.68,High,9.68,130,0.74,65.82,3.67
112,52,Male,85.5,1.82,174,154,57,1.78,1357.0,Yoga,14.9,3.5,4,25.81,Low,12.71,117,0.91,88.51,2.33
113,18,Male,87.6,1.93,161,139,72,1.72,1315.0,HIIT,11.9,3.5,4,23.52,High,12.74,89,0.65,86.34,3.67
114,52,Male,82.4,1.72,166,137,53,1.01,685.0,Strength,24.4,2.7,4,27.85,High,11.3,113,1.39,82.53,3.67
115,54,Male,67.0,1.68,191,164,63,0.55,446.0,Yoga,20.5,2.8,3,23.74,Low,13.52,128,3.06,85.86,3.67
116,31,Female,42.3,1.6,163,163,70,1.09,888.0,Cardio,25.1,1.9,3,16.52,Mid,13.58,93,1.42,100.0,2.33
117,20,Male,82.7,1.99,179,146,59,1.69,1357.0,HIIT,14.6,3.5,5,20.88,High,13.38,120,0.86,81.56,2.33
118,18,Male,92.4,1.74,195,168,50,1.41,1303.0,Yoga,21.3,3.1,2,30.52,Low,15.4,145,1.39,86.15,2.33
119,22,Female,63.2,1.54,191,155,53,1.02,790.0,Cardio,29.5,2.4,4,26.65,Mid,12.91,138,1.67,81.15,2.33
120,43,Male,82.7,1.85,187,142,50,1.22,858.0,Yoga,28.2,3.1,4,24.16,Low,11.72,137,1.26,75.94,2.33
121,31,Male,86.6,1.76,172,151,66,1.29,1071.0,Strength,28.9,3.3,3,27.96,High,13.84,106,1.1,87.79,5.0
122,56,Male,129.5,1.95,160,129,66,1.0,639.0,Strength,25.2,3.5,2,34.06,High,10.65,94,1.05,80.62,5.0
123,44,Male,98.0,1.83,194,130,56,1.28,824.0,Cardio,25.7,3.5,4,29.26,Mid,10.73,138,0.96,67.01,3.67
124,26,Male,86.2,1.68,189,157,72,1.97,1701.0,Strength,13.3,3.5,5,30.54,High,14.39,117,0.72,83.07,5.0
125,32,Male,78.6,1.62,195,125,69,1.28,880.0,Yoga,29.6,3.1,3,29.95,Low,11.46,126,0.73,64.1,3.67
126,32,Female,59.0,1.66,184,160,64,0.51,408.0,Cardio,31.0,1.8,2,21.41,Mid,13.33,120,3.14,86.96,3.67
127,43,Female,57.3,1.79,175,166,62,1.98,1479.0,Yoga,17.8,2.7,4,17.88,Low,12.45,113,0.88,94.86,2.33
128,59,Male,122.3,1.89,178,153,51,0.66,500.0,Yoga,20.1,3.1,3,34.24,Low,12.63,127,2.58,85.96,2.33
129,30,Male,85.3,1.95,160,155,68,1.61,1373.0,Yoga,10.4,3.5,5,22.43,Low,14.21,92,0.9,96.88,3.67
130,49,Female,45.2,1.74,164,156,73,1.24,870.0,Strength,30.8,2.1,3,14.93,High,11.69,91,1.12,95.12,3.67
131,56,Male,55.6,1.92,181,136,62,0.68,458.0,Strength,29.4,3.2,3,15.08,High,11.23,119,1.81,75.14,3.67
132,49,Male,82.8,1.95,183,159,73,1.91,1503.0,Yoga,14.3,3.5,5,21.78,Low,13.12,110,0.75,86.89,3.67
133,21,Male,125.2,1.66,196,159,60,1.38,1207.0,HIIT,29.8,3.4,3,45.43,High,14.58,136,1.2,81.12,5.0
134,47,Female,58.5,1.79,195,131,71,1.42,837.0,Yoga,30.3,2.4,4,18.26,Low,9.82,124,0.7,67.18,2.33
135,54,Male,86.1,1.95,195,140,64,1.17,811.0,Yoga,27.9,3.4,2,22.64,Low,11.55,131,1.08,71.79,3.67
136,40,Female,63.5,1.61,163,159,59,1.31,1041.0,Cardio,33.4,1.6,3,24.5,Mid,13.24,104,1.27,97.55,2.33
137,56,Male,69.3,1.68,195,138,58,0.66,451.0,Yoga,26.5,2.1,2,24.55,Low,11.39,137,2.02,70.77,2.33
138,32,Female,70.5,1.62,177,122,58,1.24,756.0,Strength,28.4,1.8,2,26.86,High,10.16,119,0.86,68.93,2.33
139,46,Female,60.1,1.65,175,137,69,1.69,1042.0,Cardio,17.3,2.7,4,22.08,Mid,10.28,106,0.67,78.29,3.67
140,53,Male,94.1,1.95,177,138,50,0.89,608.0,HIIT,28.6,3.5,3,24.75,High,11.39,127,1.65,77.97,3.67
141,30,Female,79.2,1.62,181,166,66,1.26,1046.0,Cardio,28.0,2.5,4,30.18,Mid,13.84,115,1.32,91.71,3.67
142,49,Male,115.3,1.91,161,125,61,1.38,854.0,HIIT,29.2,3.2,2,31.61,High,10.31,100,0.77,77.64,3.67
143,24,Female,62.9,1.79,180,135,59,1.42,958.0,Cardio,27.3,2.3,4,19.63,Mid,11.24,121,0.89,75.0,3.67
144,39,Male,62.0,1.64,195,127,54,0.97,678.0,Cardio,27.5,3.2,3,23.05,Mid,11.65,141,1.25,65.13,3.67
145,45,Male,88.5,1.78,198,167,67,1.53,1265.0,HIIT,13.2,3.5,4,27.93,High,13.78,131,1.09,84.34,3.67
146,19,Female,73.9,1.77,198,137,64,1.28,877.0,Strength,32.5,2.6,3,23.59,High,11.42,134,0.95,69.19,3.67
147,59,Male,50.3,1.95,188,167,55,1.07,885.0,Strength,24.4,3.4,3,13.23,High,13.79,133,1.74,88.83,1.0
148,23,Male,83.1,1.8,185,162,56,0.7,624.0,Strength,29.3,3.1,3,25.65,High,14.86,129,2.52,87.57,3.67
149,45,Female,65.1,1.78,180,158,66,1.46,1038.0,Cardio,31.3,2.3,3,20.55,Mid,11.85,114,1.05,87.78,3.67
150,45,Male,46.6,1.79,176,168,55,1.46,1214.0,Yoga,22.9,2.4,3,14.54,Low,13.86,121,1.29,95.45,1.0
151,37,Male,103.5,1.89,175,168,57,0.54,499.0,Cardio,26.4,3.1,2,28.97,Mid,15.4,118,3.43,96.0,2.33
152,47,Female,61.9,1.54,190,131,61,1.95,1150.0,Yoga,16.4,2.7,4,26.1,Low,9.83,129,0.6,68.95,3.67
153,28,Female,52.0,1.61,168,164,70,1.32,1082.0,Yoga,27.9,2.0,3,20.06,Low,13.66,98,1.19,97.62,3.67
154,45,Male,113.4,1.71,190,129,63,0.83,530.0,Strength,24.0,2.3,2,38.78,High,10.64,127,1.33,67.89,3.67
155,42,Male,62.9,1.98,173,126,61,1.42,886.0,Yoga,28.5,3.4,4,16.04,Low,10.4,112,0.76,72.83,2.33
156,56,Female,40.4,1.8,196,165,72,1.23,913.0,Cardio,30.0,2.1,4,12.47,Mid,12.37,124,1.26,84.18,2.33
157,50,Female,67.1,1.75,161,120,59,0.67,362.0,Cardio,31.8,2.7,3,21.91,Mid,9.0,102,1.52,74.53,3.67
158,18,Male,70.0,1.61,173,168,71,1.3,1201.0,Strength,23.9,2.5,2,27.01,High,15.4,102,1.24,97.11,5.0
159,44,Female,69.5,1.75,192,155,69,1.02,711.0,HIIT,27.6,2.1,3,22.69,High,11.62,123,1.41,80.73,5.0
160,30,Male,107.9,1.66,194,140,64,1.08,832.0,Cardio,29.5,2.8,3,39.16,Mid,12.84,130,1.17,72.16,5.0
161,58,Male,109.0,1.91,198,156,56,1.49,1151.0,Yoga,26.0,2.2,3,29.88,Low,12.87,142,1.12,78.79,2.33
162,20,Male,101.0,1.91,179,143,58,1.36,1070.0,Cardio,29.3,2.7,3,27.69,Mid,13.11,121,1.04,79.89,3.67
163,56,Male,88.5,1.85,161,144,59,1.57,1119.0,Cardio,11.0,3.5,4,25.86,Mid,11.88,102,0.9,89.44,2.33
164,23,Male,80.9,1.8,178,126,59,1.55,1074.0,Cardio,10.7,3.5,4,24.97,Mid,11.55,119,0.72,70.79,3.67
165,25,Female,43.1,1.62,196,161,65,1.04,837.0,HIIT,33.6,1.8,4,16.42,High,13.41,131,1.54,82.14,3.67
166,44,Female,59.1,1.52,177,136,56,1.58,967.0,Yoga,18.4,2.7,5,25.58,Low,10.2,121,0.84,76.84,2.33
167,26,Female,54.0,1.53,175,148,54,1.14,844.0,Strength,26.9,1.7,3,23.07,High,12.34,121,1.37,84.57,3.67
168,54,Female,72.3,1.78,163,149,72,1.27,852.0,Cardio,27.7,1.8,2,22.82,Mid,11.18,91,1.01,91.41,3.67
169,50,Male,51.1,1.98,171,126,52,0.92,574.0,Yoga,28.0,2.4,2,13.03,Low,10.4,119,1.34,73.68,1.0
170,59,Male,89.4,1.72,188,152,67,1.08,813.0,Yoga,24.5,3.2,3,30.22,Low,12.55,121,1.31,80.85,3.67
171,41,Male,51.5,1.8,166,126,60,1.09,680.0,Strength,26.7,2.1,4,15.9,High,10.4,106,1.01,75.9,2.33
172,32,Male,87.9,1.88,173,143,64,1.52,1195.0,Cardio,11.6,3.5,5,24.87,Mid,13.1,109,0.87,82.66,3.67
173,49,Female,42.0,1.52,171,130,70,1.1,644.0,HIIT,28.8,2.2,3,18.18,High,9.76,101,0.91,76.02,3.67
174,49,Male,79.2,1.72,194,128,69,1.46,925.0,Yoga,29.9,3.3,3,26.77,Low,10.56,125,0.67,65.98,3.67
175,41,Male,64.8,1.71,164,131,54,1.2,778.0,Strength,22.5,2.8,3,22.16,High,10.81,110,1.07,79.88,2.33
176,58,Female,63.0,1.78,176,154,73,1.58,1095.0,HIIT,17.5,2.7,4,19.88,High,11.55,103,0.85,87.5,3.67
177,29,Female,56.2,1.77,191,123,61,0.68,418.0,Yoga,33.4,2.6,3,17.94,Low,10.25,130,1.52,64.4,2.33
178,56,Female,52.9,1.64,169,155,53,1.1,767.0,Cardio,27.4,2.3,3,19.67,Mid,11.62,116,1.55,91.72,2.33
179,19,Female,49.0,1.69,176,147,64,1.05,772.0,Yoga,29.2,2.4,3,17.16,Low,12.25,112,1.32,83.52,2.33
180,20,Male,128.2,1.84,164,132,58,0.83,603.0,HIIT,26.2,2.3,3,37.87,High,12.11,106,1.49,80.49,2.33
181,54,Male,83.6,1.86,168,142,56,1.54,1082.0,HIIT,12.4,3.5,5,24.16,High,11.71,112,0.93,84.52,3.67
182,34,Female,56.2,1.77,192,138,59,1.81,1249.0,Cardio,17.3,2.7,5,17.94,Mid,11.5,133,0.73,71.88,2.33
183,19,Male,87.8,1.78,195,161,72,1.28,1133.0,Cardio,23.6,3.3,2,27.71,Mid,14.75,123,1.16,82.56,3.67
184,19,Male,85.9,1.85,195,156,62,1.66,1424.0,Strength,12.9,3.5,4,25.1,High,14.3,133,0.94,80.0,5.0
185,45,Male,51.1,1.87,177,158,57,1.44,1126.0,Cardio,26.2,3.4,4,14.61,Mid,13.03,120,1.17,89.27,1.0
186,40,Female,57.4,1.71,168,143,61,1.87,1337.0,Strength,18.3,2.7,5,19.63,High,11.92,107,0.73,85.12,5.0
187,54,Male,114.9,1.92,188,135,71,1.2,802.0,HIIT,20.7,2.6,4,31.17,High,11.14,117,0.89,71.81,5.0
188,49,Female,62.1,1.66,173,152,73,1.37,937.0,HIIT,31.3,1.8,3,22.54,High,11.4,100,0.96,87.86,5.0
189,50,Male,57.1,1.91,184,131,68,1.09,707.0,Yoga,29.5,2.7,4,15.65,Low,10.81,116,0.96,71.2,2.33
190,18,Male,68.1,1.8,174,153,50,1.1,926.0,Yoga,25.4,3.3,4,21.02,Low,14.03,124,1.56,87.93,2.33
191,36,Male,69.2,1.65,165,126,65,1.23,852.0,Strength,27.2,2.7,3,25.42,High,11.54,100,0.83,76.36,3.67
192,19,Female,65.2,1.52,188,130,71,1.23,800.0,Cardio,30.6,2.4,3,28.22,Mid,10.84,117,0.8,69.15,5.0
193,43,Male,108.6,1.73,174,150,66,1.33,988.0,Cardio,28.5,2.2,2,36.29,Mid,12.38,108,1.05,86.21,3.67
194,49,Female,40.0,1.65,188,148,74,1.03,686.0,Yoga,34.3,2.5,3,14.69,Low,11.1,114,1.2,78.72,2.33
195,23,Female,41.9,1.58,163,132,67,0.56,370.0,HIIT,26.8,1.8,3,16.78,High,11.01,96,1.93,80.98,2.33
196,49,Female,68.3,1.52,177,150,60,1.45,979.0,Strength,29.4,1.8,4,29.56,High,11.25,117,1.03,84.75,5.0
197,21,Male,88.4,1.6,198,121,67,1.71,1138.0,HIIT,12.0,3.5,4,34.53,High,11.09,131,0.53,61.11,3.67
198,28,Male,66.0,1.9,175,158,56,1.18,1025.0,HIIT,24.1,3.0,3,18.28,High,14.48,119,1.44,90.29,2.33
199,34,Male,71.9,1.64,170,134,67,1.26,929.0,Cardio,21.3,2.1,4,26.73,Mid,12.29,103,0.89,78.82,5.0
200,55,Male,75.6,1.71,173,130,57,1.03,663.0,Strength,28.1,2.0,4,25.85,High,10.73,116,1.18,75.14,3.67
201,41,Female,63.4,1.59,162,153,55,1.84,1267.0,HIIT,15.2,2.7,5,25.08,High,11.48,107,0.89,94.44,3.67
202,22,Female,71.6,1.77,197,158,56,1.49,1177.0,Yoga,30.3,1.8,3,22.85,Low,13.17,141,1.14,80.2,2.33
203,51,Female,57.4,1.77,177,123,72,1.08,598.0,Yoga,31.6,2.1,4,18.32,Low,9.23,105,0.79,69.49,2.33
204,23,Male,83.8,1.99,179,130,71,1.79,1280.0,Cardio,11.0,3.5,4,21.16,Mid,11.92,108,0.55,72.63,5.0
205,39,Female,55.9,1.71,184,148,59,1.95,1443.0,Yoga,19.5,2.7,5,19.12,Low,12.33,125,0.76,80.43,2.33
206,28,Male,87.0,1.76,197,121,60,1.2,799.0,Yoga,28.4,3.5,3,28.09,Low,11.1,137,0.85,61.42,3.67
207,33,Female,65.3,1.71,172,135,74,1.18,796.0,HIIT,29.7,2.5,4,22.33,High,11.24,98,0.86,78.49,3.67
208,50,Male,45.4,1.67,163,158,62,1.37,1071.0,Yoga,24.1,2.8,4,16.28,Low,13.03,101,1.17,96.93,2.33
209,26,Male,87.1,1.87,173,132,58,1.71,1241.0,Yoga,11.2,3.5,4,24.91,Low,12.1,115,0.72,76.3,2.33
210,23,Female,78.6,1.73,192,156,56,1.47,1147.0,HIIT,32.3,1.5,4,26.26,High,13.0,136,1.13,81.25,3.67
211,33,Female,78.0,1.71,187,136,58,1.08,734.0,Cardio,26.3,2.1,3,26.67,Mid,11.33,129,1.2,72.73,3.67
212,46,Female,58.0,1.53,196,140,62,1.83,1153.0,Cardio,18.4,2.7,4,24.78,Mid,10.5,134,0.71,71.43,3.67
213,20,Female,71.3,1.69,167,163,52,1.28,1043.0,Strength,33.4,2.3,3,24.96,High,13.58,115,1.45,97.6,3.67
214,37,Male,49.1,1.74,193,138,52,1.11,842.0,Yoga,22.3,2.6,3,16.22,Low,12.64,141,1.29,71.5,1.0
215,53,Female,78.3,1.65,164,126,50,1.24,703.0,HIIT,33.7,1.6,3,28.76,High,9.45,114,1.02,76.83,2.33
216,36,Female,57.3,1.64,164,157,70,1.13,887.0,Strength,25.3,1.8,4,21.3,High,13.08,94,1.28,95.73,5.0
217,43,Female,48.4,1.61,190,127,69,1.28,732.0,Cardio,34.1,2.4,2,18.67,Mid,9.53,121,0.76,66.84,5.0
218,20,Male,76.4,1.62,168,132,51,1.35,980.0,Cardio,21.2,2.6,4,29.11,Mid,12.1,117,1.0,78.57,3.67
219,36,Male,110.2,1.77,191,156,74,1.19,1021.0,HIIT,26.5,3.4,2,35.18,High,14.3,117,1.15,81.68,5.0
220,37,Female,72.9,1.76,192,121,52,1.21,732.0,Strength,27.5,1.9,3,23.53,High,10.08,140,0.95,63.02,2.33
221,49,Male,82.1,1.86,162,160,64,1.87,1481.0,Strength,14.2,3.5,4,23.73,High,13.2,98,0.86,98.77,3.67
222,24,Female,58.9,1.76,189,130,73,0.63,410.0,HIIT,30.1,1.7,3,19.01,High,10.85,116,1.51,68.78,3.67
223,58,Male,82.2,1.87,171,143,55,1.57,1111.0,HIIT,10.7,3.5,4,23.51,High,11.79,116,0.93,83.63,3.67
224,50,Male,96.7,1.72,188,125,62,1.46,903.0,Strength,25.7,2.7,3,32.69,High,10.31,126,0.72,66.49,3.67
225,57,Male,81.4,1.86,162,145,70,1.8,1292.0,Cardio,12.0,3.5,5,23.53,Mid,11.96,92,0.69,89.51,3.67
226,56,Male,107.8,1.73,185,126,50,1.09,680.0,Yoga,26.6,2.8,3,36.02,Low,10.4,135,1.16,68.11,2.33
227,35,Female,65.8,1.62,189,158,69,1.0,790.0,Cardio,33.8,1.5,4,25.07,Mid,13.17,120,1.48,83.6,3.67
228,57,Female,68.5,1.56,168,138,68,1.45,900.0,HIIT,29.1,1.6,4,28.15,High,10.34,100,0.8,82.14,5.0
229,18,Female,63.9,1.59,185,125,50,1.87,1169.0,Strength,16.4,2.7,4,25.28,High,10.42,135,0.67,67.57,2.33
230,28,Male,76.3,1.62,161,162,70,1.16,1034.0,Strength,20.1,2.3,3,29.07,High,14.86,91,1.32,100.62,5.0
231,45,Female,44.5,1.65,162,148,71,1.44,959.0,Yoga,30.7,1.6,3,16.35,Low,11.1,91,0.89,91.36,2.33
232,42,Female,50.7,1.75,163,162,51,1.29,940.0,Strength,29.0,1.9,3,16.56,High,12.14,112,1.43,99.39,2.33
233,40,Female,55.1,1.61,184,158,64,1.55,1224.0,Yoga,16.9,2.7,4,21.26,Low,13.16,120,1.01,85.87,3.67
234,48,Male,73.7,1.61,172,121,63,1.36,815.0,Cardio,21.8,3.6,4,28.43,Mid,9.99,109,0.71,70.35,5.0
235,47,Male,55.6,1.77,198,138,68,1.2,820.0,Cardio,24.3,2.9,4,17.75,Mid,11.39,130,0.97,69.7,2.33
236,59,Male,86.9,1.76,194,123,60,1.13,688.0,Strength,29.8,3.1,3,28.05,High,10.15,134,0.93,63.4,5.0
237,52,Female,60.3,1.68,182,125,64,1.6,900.0,Strength,16.5,2.7,4,21.36,High,9.38,118,0.64,68.68,3.67
238,24,Female,40.4,1.64,168,168,55,0.99,832.0,HIIT,31.0,1.9,2,15.02,High,14.01,113,1.9,100.0,2.33
239,33,Female,78.5,1.66,161,156,69,1.29,1006.0,HIIT,32.8,1.9,4,28.49,High,13.0,92,1.12,96.89,5.0
240,43,Male,102.6,1.72,190,147,58,0.82,597.0,Strength,27.5,2.0,2,34.68,High,12.13,132,1.81,77.37,3.67
241,19,Male,110.8,1.91,161,149,54,1.31,1074.0,Strength,23.3,2.9,2,30.37,High,13.66,107,1.21,92.55,2.33
242,18,Female,60.9,1.79,191,126,69,1.11,699.0,Cardio,31.1,2.1,2,19.01,Mid,10.5,122,0.86,65.97,5.0
243,29,Male,55.7,1.61,177,128,51,1.41,993.0,Strength,28.7,2.3,3,21.49,High,11.74,126,0.91,72.32,2.33
244,22,Male,110.5,1.92,172,144,55,1.16,919.0,HIIT,20.2,3.3,3,29.98,High,13.2,117,1.28,83.72,2.33
245,54,Male,55.2,1.71,164,152,67,0.77,579.0,Cardio,24.4,2.8,2,18.88,Mid,12.53,97,1.84,92.68,3.67
246,49,Male,46.5,1.72,169,120,72,1.4,832.0,Yoga,22.2,2.6,4,15.72,Low,9.9,97,0.57,71.01,2.33
247,26,Female,70.9,1.66,184,125,68,0.81,506.0,HIIT,28.9,1.7,3,25.73,High,10.41,116,1.17,67.93,3.67
248,58,Male,74.6,1.75,193,137,58,1.09,739.0,HIIT,24.2,2.9,2,24.36,High,11.3,135,1.21,70.98,3.67
249,52,Male,45.1,1.72,196,129,70,0.93,594.0,Cardio,27.5,3.3,2,15.24,Mid,10.65,126,1.06,65.82,2.33
250,36,Male,99.9,1.99,189,147,73,1.33,1075.0,Yoga,20.9,2.5,3,25.23,Low,13.47,116,0.93,77.78,3.67
251,33,Male,117.0,1.61,166,130,55,1.04,744.0,HIIT,25.1,2.4,3,45.14,High,11.92,111,1.2,78.31,2.33
252,20,Female,75.9,1.73,165,152,63,1.39,1056.0,Strength,30.6,2.1,4,25.36,High,12.66,102,1.07,92.12,5.0
253,37,Female,71.2,1.64,162,120,73,1.11,666.0,HIIT,29.9,1.7,3,26.47,High,10.0,89,0.71,74.07,3.67
254,41,Male,78.8,1.72,172,132,62,1.01,660.0,Cardio,27.3,3.1,4,26.64,Mid,10.89,110,1.16,76.74,5.0
255,50,Male,50.6,1.69,162,156,60,1.31,1012.0,Cardio,23.8,3.0,2,17.72,Mid,12.88,102,1.22,96.3,2.33
256,41,Male,82.5,1.79,185,139,61,1.69,1163.0,Cardio,14.7,3.5,4,25.75,Mid,11.47,124,0.77,75.14,3.67
257,28,Male,108.5,1.79,183,120,68,1.33,878.0,HIIT,24.8,2.1,4,33.86,High,11.0,115,0.65,65.57,3.67
258,25,Male,49.9,1.98,165,122,68,1.15,772.0,Yoga,25.7,2.1,3,12.73,Low,11.19,97,0.78,73.94,3.67
259,53,Male,125.1,1.91,171,137,70,0.52,353.0,Strength,28.3,3.1,2,34.29,High,11.31,101,2.15,80.12,5.0
260,55,Female,79.7,1.66,195,160,68,1.06,763.0,Cardio,27.8,1.9,2,28.92,Mid,12.0,127,1.45,82.05,3.67
261,57,Male,126.8,1.63,161,133,73,0.96,632.0,Yoga,20.8,2.1,2,47.72,Low,10.97,88,1.04,82.61,3.67
262,37,Female,54.6,1.57,170,150,62,1.31,982.0,Strength,32.1,2.4,3,22.15,High,12.49,108,1.12,88.24,5.0
263,52,Female,47.8,1.54,198,146,63,1.34,880.0,Cardio,29.8,1.9,3,20.16,Mid,10.95,135,1.03,73.74,3.67
264,42,Male,97.9,1.91,193,136,73,1.01,680.0,Strength,29.0,2.8,3,26.84,High,11.22,120,1.04,70.47,5.0
265,52,Female,63.1,1.54,185,165,67,1.36,1010.0,Strength,34.8,1.8,3,26.61,High,12.38,118,1.2,89.19,3.67
266,42,Female,72.4,1.69,177,148,61,1.07,713.0,Yoga,29.0,2.3,3,25.35,Low,11.11,116,1.36,83.62,3.67
267,46,Female,58.9,1.7,180,155,53,1.52,1060.0,Strength,17.1,2.7,4,20.38,High,11.62,127,1.12,86.11,3.67
268,35,Female,50.4,1.6,195,156,59,1.03,803.0,Cardio,29.1,1.9,4,19.69,Mid,12.99,136,1.57,80.0,2.33
269,35,Female,64.2,1.59,199,145,66,1.63,1182.0,Yoga,16.6,2.7,5,25.39,Low,12.09,133,0.81,72.86,3.67
270,19,Female,58.8,1.77,181,136,53,1.4,952.0,HIIT,32.8,2.7,2,18.77,High,11.33,128,0.99,75.14,2.33
271,52,Male,105.2,1.62,189,141,61,1.36,949.0,HIIT,27.6,3.2,3,40.09,High,11.63,128,0.98,74.6,5.0
272,33,Female,45.9,1.5,189,144,62,0.92,662.0,Yoga,29.8,1.7,3,20.4,Low,11.99,127,1.49,76.19,3.67
273,58,Female,65.2,1.63,167,121,53,1.12,610.0,HIIT,25.4,2.0,3,24.54,High,9.08,114,1.01,72.46,3.67
274,53,Female,56.3,1.79,193,141,59,1.52,964.0,Strength,16.5,2.7,5,17.57,High,10.57,134,0.9,73.06,2.33
275,50,Male,90.0,1.7,168,124,74,0.81,497.0,Cardio,22.9,2.7,2,31.14,Mid,10.23,94,1.03,73.81,5.0
276,21,Female,60.0,1.7,179,123,52,1.97,1212.0,Strength,19.1,2.7,5,20.76,High,10.25,127,0.6,68.72,2.33
277,50,Male,51.5,1.71,199,155,64,1.48,1136.0,Yoga,20.9,2.9,2,17.61,Low,12.79,135,1.02,77.89,2.33
278,31,Female,63.1,1.64,184,125,51,1.54,962.0,Cardio,19.0,2.7,4,23.46,Mid,10.41,133,0.8,67.93,3.67
279,38,Male,91.5,1.77,178,140,74,0.8,616.0,Yoga,26.7,3.4,2,29.21,Low,12.83,104,1.38,78.65,3.67
280,37,Male,48.7,1.67,164,132,74,1.39,1009.0,Yoga,27.3,3.0,2,17.46,Low,12.1,90,0.7,80.49,2.33
281,25,Female,57.8,1.56,170,156,66,1.35,1053.0,Yoga,29.3,1.6,3,23.75,Low,13.0,104,1.11,91.76,3.67
282,24,Female,42.0,1.75,174,144,55,0.83,598.0,Strength,31.8,2.3,3,13.71,High,12.01,119,1.79,82.76,1.0
283,20,Male,128.4,1.92,167,145,57,0.63,502.0,Cardio,26.1,2.0,2,34.83,Mid,13.28,110,2.33,86.83,3.67
284,34,Female,74.2,1.57,178,158,52,1.47,1161.0,Cardio,32.7,2.4,3,30.1,Mid,13.16,126,1.2,88.76,2.33
285,50,Male,89.6,1.68,182,139,74,1.79,1232.0,Cardio,12.2,3.5,5,31.75,Mid,11.47,108,0.61,76.37,3.67
286,29,Male,125.9,2.0,186,152,67,1.36,1137.0,Strength,24.7,3.1,4,31.48,High,13.93,119,1.04,81.72,5.0
287,39,Male,105.5,1.99,199,133,71,0.81,593.0,HIIT,26.4,2.5,2,26.64,High,12.2,128,1.28,66.83,3.67
288,39,Male,93.4,1.7,191,155,50,1.1,938.0,Strength,21.1,2.5,4,32.32,High,14.21,141,1.59,81.15,3.67
289,47,Male,82.1,1.84,185,136,65,1.37,922.0,Strength,24.4,3.4,4,24.25,High,11.22,120,0.86,73.51,5.0
290,55,Female,42.9,1.69,186,140,56,0.9,567.0,Yoga,34.7,2.4,2,15.02,Low,10.5,130,1.56,75.27,1.0
291,55,Male,128.4,1.68,178,165,52,1.13,923.0,Cardio,20.4,2.6,4,45.49,Mid,13.61,126,1.67,92.7,2.33
292,25,Male,112.4,1.96,188,135,72,1.42,1054.0,Cardio,23.2,2.5,2,29.26,Mid,12.37,116,0.74,71.81,5.0
293,44,Female,77.7,1.79,198,165,53,1.41,1047.0,HIIT,28.1,2.2,3,24.25,High,12.38,145,1.32,83.33,3.67
294,44,Male,89.3,1.99,192,135,58,1.4,936.0,HIIT,26.3,2.0,4,22.55,High,11.14,134,0.92,70.31,3.67
295,51,Female,70.3,1.55,178,139,54,1.4,876.0,Yoga,26.1,1.6,3,29.26,Low,10.43,124,1.01,78.09,2.33
296,38,Female,59.1,1.72,196,148,68,1.07,792.0,Cardio,31.3,1.7,3,19.98,Mid,12.34,128,1.25,75.51,3.67
297,47,Female,49.9,1.69,178,147,64,1.48,979.0,HIIT,26.0,1.7,3,17.47,High,11.02,114,0.93,82.58,3.67
298,50,Male,101.7,1.67,192,127,57,0.53,333.0,HIIT,20.9,2.9,2,36.47,High,10.47,135,2.2,66.15,2.33
299,45,Male,93.0,1.91,175,143,55,1.03,729.0,Cardio,27.3,3.7,3,25.49,Mid,11.8,120,1.42,81.71,2.33
300,50,Male,87.4,1.6,182,122,67,0.77,465.0,Strength,23.2,3.1,2,34.14,High,10.06,115,1.19,67.03,3.67
301,22,Female,55.1,1.61,166,144,68,1.62,1166.0,HIIT,19.9,2.7,4,21.26,High,12.0,98,0.78,86.75,3.67
302,36,Male,123.7,1.69,185,138,73,1.3,987.0,Cardio,20.4,2.1,4,43.31,Mid,12.65,112,0.83,74.59,3.67
303,21,Female,61.3,1.57,191,152,64,1.94,1474.0,HIIT,17.2,2.7,4,24.87,High,12.66,127,0.76,79.58,5.0
304,52,Male,72.3,1.94,171,121,56,1.46,874.0,Yoga,21.1,2.9,3,19.21,Low,9.98,115,0.74,70.76,2.33
305,34,Female,69.2,1.53,167,134,59,1.36,911.0,HIIT,28.5,2.1,2,29.56,High,11.16,108,0.92,80.24,2.33
306,45,Male,81.4,1.61,164,141,55,1.14,796.0,Cardio,30.0,2.2,4,31.4,Mid,11.64,109,1.26,85.98,2.33
307,47,Male,84.8,1.86,187,129,63,1.85,1181.0,HIIT,14.4,3.5,5,24.51,High,10.64,124,0.59,68.98,5.0
308,46,Male,55.1,1.72,164,137,66,1.43,970.0,Yoga,20.5,3.6,3,18.62,Low,11.31,98,0.83,83.54,3.67
309,23,Female,59.0,1.78,185,141,58,1.67,1177.0,Yoga,17.8,2.7,5,18.62,Low,11.75,127,0.83,76.22,2.33
310,52,Female,64.9,1.51,164,165,68,1.83,1359.0,HIIT,18.2,2.7,4,28.46,High,12.38,96,0.88,100.61,3.67
311,58,Male,109.7,1.75,181,168,54,1.01,840.0,HIIT,22.1,2.7,2,35.82,High,13.86,127,1.88,92.82,2.33
312,54,Male,78.4,1.9,174,146,72,0.81,585.0,Yoga,21.5,3.7,2,21.72,Low,12.04,102,1.52,83.91,3.67
313,41,Female,76.7,1.79,172,132,56,1.4,832.0,Yoga,34.0,2.0,4,23.94,Low,9.9,116,0.9,76.74,2.33
314,46,Female,63.1,1.61,187,152,68,1.0,684.0,Strength,34.7,2.2,4,24.34,High,11.4,119,1.4,81.28,5.0
315,48,Female,62.9,1.58,192,124,69,1.98,1105.0,Strength,20.0,2.7,4,25.2,High,9.3,123,0.46,64.58,3.67
316,52,Male,85.6,1.74,182,145,56,1.84,1321.0,Yoga,13.9,3.5,4,28.27,Low,11.97,126,0.81,79.67,2.33
317,50,Female,66.3,1.57,192,132,73,1.25,742.0,HIIT,31.6,1.6,2,26.9,High,9.89,119,0.79,68.75,5.0
318,38,Male,61.3,1.97,177,146,51,1.37,1100.0,Cardio,23.5,2.8,3,15.8,Mid,13.38,126,1.16,82.49,1.0
319,49,Female,44.1,1.65,189,133,74,1.16,694.0,HIIT,26.7,1.8,4,16.2,High,9.97,115,0.85,70.37,3.67
320,40,Male,63.8,1.62,185,143,72,1.3,1022.0,HIIT,20.8,3.4,2,24.31,High,13.1,113,0.91,77.3,5.0
321,50,Female,55.4,1.55,175,122,65,1.85,1016.0,Strength,18.5,2.7,4,23.06,High,9.15,110,0.51,69.71,3.67
322,20,Female,74.7,1.58,172,166,62,1.04,863.0,Strength,32.8,2.4,3,29.92,High,13.83,110,1.67,96.51,5.0
323,35,Female,78.0,1.67,198,168,57,1.13,949.0,Strength,33.3,2.5,4,27.97,High,14.0,141,1.64,84.85,3.67
324,42,Female,57.5,1.67,192,149,55,1.14,764.0,Yoga,34.1,2.4,2,20.62,Low,11.17,137,1.37,77.6,2.33
325,59,Female,60.7,1.73,185,154,55,1.03,714.0,Yoga,33.8,2.5,3,20.28,Low,11.55,130,1.6,83.24,2.33
326,48,Male,69.0,1.74,160,167,58,1.48,1223.0,HIIT,30.0,2.3,3,22.79,High,13.77,102,1.23,104.38,2.33
327,20,Female,75.8,1.78,197,133,53,1.42,944.0,HIIT,27.4,2.0,4,23.92,High,11.08,144,0.94,67.51,2.33
328,57,Female,75.7,1.63,161,131,60,0.69,407.0,Cardio,32.6,2.3,3,28.49,Mid,9.83,101,1.71,81.37,3.67
329,41,Female,71.2,1.64,165,147,54,1.42,939.0,HIIT,30.9,2.3,3,26.47,High,11.02,111,1.09,89.09,3.67
330,49,Male,85.0,1.68,197,163,74,1.82,1468.0,HIIT,11.3,3.5,4,30.12,High,13.44,123,0.82,82.74,3.67
331,39,Female,63.6,1.56,183,148,66,1.22,903.0,Strength,34.8,2.4,2,26.13,High,12.34,117,1.12,80.87,5.0
332,40,Male,73.2,1.94,177,162,69,0.81,722.0,Strength,29.0,2.4,2,19.45,High,14.86,108,1.91,91.53,5.0
333,19,Female,48.3,1.52,186,136,56,0.96,653.0,Strength,26.3,1.6,2,20.91,High,11.34,130,1.39,73.12,2.33
334,44,Female,42.8,1.78,167,159,64,1.49,1066.0,Strength,25.3,2.6,3,13.51,High,11.92,103,1.06,95.21,3.67
335,59,Male,88.1,1.76,187,168,74,1.35,1123.0,Strength,26.9,3.0,3,28.44,High,13.86,113,1.16,89.84,3.67
336,19,Female,72.4,1.75,169,140,64,1.2,840.0,Cardio,31.0,1.7,4,23.64,Mid,11.67,105,1.06,82.84,5.0
337,43,Male,73.2,1.88,176,142,63,1.17,822.0,Cardio,29.4,3.3,3,20.71,Mid,11.71,113,1.13,80.68,3.67
338,34,Male,110.5,1.86,188,139,62,1.42,1086.0,Cardio,22.3,3.6,2,31.94,Mid,12.75,126,0.9,73.94,5.0
339,57,Female,46.1,1.76,165,130,60,1.44,842.0,Strength,25.8,1.7,3,14.88,High,9.75,105,0.81,78.79,3.67
340,50,Male,90.8,1.71,173,153,62,1.07,810.0,Yoga,22.6,3.4,4,31.05,Low,12.62,111,1.42,88.44,3.67
341,26,Female,59.3,1.51,181,129,71,1.7,1096.0,Strength,15.1,2.7,5,26.01,High,10.75,110,0.57,71.27,3.67
342,56,Female,45.1,1.73,165,129,73,0.83,482.0,Strength,25.4,2.6,3,15.07,High,9.68,92,1.12,78.18,3.67
343,46,Male,45.0,1.77,185,162,58,1.48,1187.0,Cardio,29.1,3.6,3,14.36,Mid,13.37,127,1.17,87.57,1.0
344,59,Male,89.4,1.62,198,125,59,1.43,885.0,Strength,23.5,3.6,3,34.06,High,10.31,139,0.77,63.13,3.67
345,43,Male,127.7,1.69,171,155,53,1.14,875.0,Cardio,24.1,2.9,3,44.71,Mid,12.79,118,1.49,90.64,2.33
346,52,Male,70.9,1.72,194,143,66,1.31,927.0,Strength,20.2,2.6,3,23.97,High,11.79,128,0.98,73.71,5.0
347,42,Female,49.2,1.5,173,131,63,1.15,678.0,HIIT,27.7,1.5,3,21.87,High,9.83,110,0.99,75.72,3.67
348,41,Female,62.3,1.79,181,162,73,1.99,1451.0,Yoga,19.0,2.7,5,19.44,Low,12.15,108,0.75,89.5,3.67
349,30,Male,64.1,1.87,182,142,67,0.64,500.0,Yoga,26.2,2.1,2,18.33,Low,13.02,115,1.95,78.02,2.33
350,24,Female,69.7,1.75,166,146,60,1.41,1029.0,Cardio,32.5,2.0,3,22.76,Mid,12.16,106,1.02,87.95,5.0
351,53,Female,56.9,1.59,199,164,65,1.49,1100.0,HIIT,29.5,2.0,3,22.51,High,12.3,134,1.11,82.41,3.67
352,37,Female,53.0,1.71,184,156,50,1.13,881.0,Yoga,28.1,1.7,4,18.13,Low,12.99,134,1.56,84.78,1.0
353,18,Female,72.7,1.55,172,125,56,0.84,525.0,Cardio,29.8,2.0,3,30.26,Mid,10.42,116,1.37,72.67,3.67
354,25,Male,76.5,1.96,180,120,59,0.67,442.0,Strength,23.2,2.3,3,19.91,High,11.0,121,1.52,66.67,2.33
355,33,Male,113.6,1.99,169,125,58,1.38,949.0,Strength,28.4,3.4,2,28.69,High,11.46,111,0.81,73.96,2.33
356,31,Female,62.5,1.62,168,169,74,1.56,1318.0,HIIT,16.5,2.7,4,23.81,High,14.08,94,1.01,100.6,5.0
357,29,Male,95.2,1.86,174,141,52,0.64,496.0,Yoga,26.6,2.5,2,27.52,Low,12.92,122,2.32,81.03,2.33
358,40,Male,51.7,1.82,161,160,71,0.9,792.0,Strength,21.4,3.0,3,15.61,High,14.67,90,1.65,99.38,3.67
359,32,Male,105.3,1.67,184,143,72,0.57,448.0,Cardio,26.9,2.9,3,37.76,Mid,13.1,112,2.08,77.72,3.67
360,45,Female,71.2,1.68,172,144,63,1.37,888.0,Strength,34.1,1.6,3,25.23,High,10.8,109,0.99,83.72,5.0
361,51,Female,78.1,1.51,193,134,74,0.92,555.0,Strength,31.1,2.6,3,34.25,High,10.05,119,1.09,69.43,5.0
362,19,Female,50.6,1.68,193,145,64,1.21,877.0,Yoga,30.6,2.1,3,17.93,Low,12.08,129,1.12,75.13,2.33
363,49,Male,70.2,1.89,194,127,51,0.7,440.0,Yoga,29.6,2.6,3,19.65,Low,10.48,143,1.81,65.46,2.33
364,40,Female,62.6,1.53,197,143,73,1.93,1380.0,Cardio,18.1,2.7,5,26.74,Mid,11.92,124,0.6,72.59,3.67
365,39,Female,60.6,1.65,162,167,63,0.92,768.0,HIIT,27.6,1.7,3,22.26,High,13.91,99,1.88,103.09,3.67
366,42,Male,76.4,1.97,165,157,65,1.14,886.0,HIIT,22.9,2.6,3,19.69,High,12.95,100,1.35,95.15,5.0
367,39,Female,63.3,1.71,178,125,56,1.88,1175.0,Strength,18.5,2.7,4,21.65,High,10.42,122,0.61,70.22,2.33
368,39,Female,68.6,1.64,162,154,53,1.33,1024.0,Cardio,32.4,1.5,3,25.51,Mid,12.83,109,1.27,95.06,2.33
369,59,Male,123.3,1.88,177,161,67,1.3,1036.0,HIIT,23.0,2.6,4,34.89,High,13.28,110,1.21,90.96,3.67
370,23,Male,107.0,1.94,198,120,73,1.35,891.0,HIIT,23.5,2.9,2,28.43,High,11.0,125,0.58,60.61,3.67
371,32,Male,68.3,1.92,168,165,54,1.42,1289.0,Strength,29.9,3.5,2,18.53,High,15.13,114,1.3,98.21,3.67
372,54,Female,47.8,1.6,171,155,55,1.19,830.0,Cardio,26.0,2.3,4,18.67,Mid,11.62,116,1.4,90.64,2.33
373,50,Female,58.4,1.79,164,131,56,1.6,943.0,HIIT,17.0,2.7,4,18.23,High,9.82,108,0.78,79.88,2.33
374,25,Female,74.3,1.71,162,157,64,1.43,1123.0,Yoga,25.6,1.6,3,25.41,Low,13.09,98,1.08,96.91,3.67
375,22,Male,106.8,1.82,170,130,50,1.0,715.0,Yoga,28.2,2.3,4,32.24,Low,11.92,120,1.33,76.47,2.33
376,56,Male,125.5,1.8,189,131,73,1.26,817.0,Strength,20.9,2.7,4,38.73,High,10.81,116,0.77,69.31,5.0
377,21,Female,55.2,1.55,163,161,53,1.37,1103.0,Strength,31.7,1.7,4,22.98,High,13.42,110,1.31,98.77,3.67
378,23,Female,71.4,1.72,164,169,74,1.25,1056.0,Strength,25.6,1.5,2,24.13,High,14.08,90,1.27,103.05,5.0
379,49,Male,77.7,1.61,160,158,50,1.03,806.0,Strength,26.7,3.4,3,29.98,High,13.04,110,1.75,98.75,2.33
380,47,Male,88.4,1.6,186,126,60,1.86,1160.0,HIIT,14.2,3.5,5,34.53,High,10.39,126,0.59,67.74,3.67
381,52,Male,104.8,1.99,187,130,67,0.93,598.0,Cardio,24.0,2.0,2,26.46,Mid,10.72,120,1.13,69.52,3.67
382,57,Male,82.2,1.69,188,155,63,1.15,882.0,Strength,25.2,3.4,4,28.78,High,12.78,125,1.33,82.45,3.67
383,33,Female,68.2,1.75,177,150,71,0.85,638.0,Strength,29.0,1.7,2,22.27,High,12.51,106,1.55,84.75,5.0
384,30,Male,91.4,1.99,171,152,60,1.37,1145.0,HIIT,23.0,3.7,3,23.08,High,13.93,111,1.12,88.89,5.0
385,59,Female,42.1,1.65,172,132,59,1.22,725.0,Strength,33.0,2.2,2,15.46,High,9.9,113,1.0,76.74,2.33
386,47,Female,68.7,1.76,161,137,66,1.37,845.0,Strength,27.7,2.4,3,22.18,High,10.28,95,0.86,85.09,5.0
387,36,Female,47.2,1.74,196,160,53,1.5,1200.0,Cardio,32.2,1.6,4,15.59,Mid,13.33,143,1.19,81.63,1.0
388,34,Male,92.0,1.76,175,143,73,0.73,574.0,Yoga,22.1,3.5,3,29.7,Low,13.11,102,1.6,81.71,3.67
389,36,Male,56.2,1.95,183,128,64,1.09,767.0,Strength,22.5,3.4,4,14.78,High,11.73,119,0.98,69.95,2.33
390,45,Male,58.4,1.72,194,150,65,1.31,973.0,HIIT,23.4,3.1,4,19.74,High,12.38,129,1.08,77.32,5.0
391,43,Male,82.9,1.95,181,160,70,1.9,1505.0,Cardio,12.9,3.5,5,21.8,Mid,13.2,111,0.79,88.4,3.67
392,54,Female,66.9,1.74,195,129,62,1.24,720.0,HIIT,29.5,2.1,2,22.1,High,9.68,133,0.9,66.15,5.0
393,43,Male,66.3,1.85,170,121,58,1.18,707.0,Cardio,27.5,3.2,2,19.37,Mid,9.99,112,0.89,71.18,3.67
394,40,Male,93.6,1.93,188,157,60,1.38,1192.0,Cardio,22.1,2.0,3,25.13,Mid,14.4,128,1.17,83.51,3.67
395,26,Female,64.1,1.5,194,134,60,1.93,1293.0,Strength,15.1,2.7,5,28.49,High,11.17,134,0.64,69.07,3.67
396,29,Male,86.7,1.62,174,122,55,1.52,1020.0,Strength,13.9,3.5,4,33.04,High,11.18,119,0.73,70.11,2.33
397,18,Female,62.0,1.59,190,162,50,1.23,996.0,Strength,33.2,2.2,4,24.52,High,13.5,140,1.52,85.26,3.67
398,18,Female,58.1,1.61,175,150,71,1.9,1425.0,Yoga,15.3,2.7,4,22.41,Low,12.5,104,0.69,85.71,3.67
399,51,Female,64.9,1.6,169,125,55,1.49,838.0,Yoga,31.1,2.5,4,25.35,Low,9.37,114,0.78,73.96,2.33
400,49,Female,69.3,1.62,191,122,62,1.14,626.0,HIIT,28.8,1.9,4,26.41,High,9.15,129,0.88,63.87,3.67
401,42,Female,42.7,1.74,161,130,71,1.04,608.0,Strength,32.9,1.6,3,14.1,High,9.74,90,0.95,80.75,2.33
402,57,Female,51.4,1.63,183,134,73,1.2,724.0,Yoga,33.7,2.0,4,19.35,Low,10.06,110,0.85,73.22,3.67
403,18,Female,67.4,1.6,182,164,71,0.6,492.0,Strength,33.5,2.4,3,26.33,High,13.67,111,2.58,90.11,5.0
404,33,Female,55.6,1.61,161,147,54,1.77,1301.0,Yoga,18.9,2.7,4,21.45,Low,12.25,107,0.88,91.3,2.33
405,56,Male,125.3,1.86,197,129,64,1.0,639.0,Yoga,22.7,2.2,3,36.22,Low,10.65,133,1.08,65.48,3.67
406,22,Male,102.1,1.85,190,157,67,1.48,1278.0,Cardio,28.1,2.4,4,29.83,Mid,14.39,123,1.01,82.63,3.67
407,39,Male,61.9,1.77,199,166,69,1.32,1205.0,Strength,25.3,2.3,3,19.76,High,15.21,130,1.22,83.42,5.0
408,46,Male,108.8,1.64,185,169,63,1.4,1171.0,Strength,20.5,3.4,3,40.45,High,13.94,122,1.26,91.35,3.67
409,20,Female,51.1,1.58,188,169,64,0.5,422.0,Yoga,29.6,1.6,2,20.47,Low,14.07,124,3.5,89.89,3.67
410,29,Male,81.7,1.99,162,126,54,1.45,1005.0,Strength,29.4,3.2,2,20.63,High,11.55,108,0.83,77.78,2.33
411,43,Female,42.7,1.66,173,134,53,0.73,440.0,Yoga,33.9,1.9,2,15.5,Low,10.05,120,1.85,77.46,1.0
412,33,Male,81.8,1.99,184,137,51,1.59,1198.0,Strength,10.5,3.5,4,20.66,High,12.56,133,0.9,74.46,2.33
413,54,Male,54.6,1.76,160,137,56,1.28,868.0,Cardio,27.4,3.3,4,17.63,Mid,11.3,104,1.05,85.62,1.0
414,39,Male,107.7,1.88,162,160,59,0.72,634.0,Strength,28.1,3.6,2,30.47,High,14.68,103,2.34,98.77,3.67
415,46,Female,56.9,1.6,185,143,65,0.88,566.0,Cardio,27.7,1.6,3,22.23,Mid,10.72,120,1.48,77.3,3.67
416,31,Male,78.8,1.71,177,121,59,1.49,992.0,HIIT,24.7,2.5,4,26.95,High,11.1,118,0.69,68.36,2.33
417,45,Female,48.2,1.64,168,159,67,1.25,894.0,Strength,32.1,2.5,4,17.92,High,11.92,101,1.23,94.64,3.67
418,22,Female,50.7,1.59,197,139,66,1.27,883.0,Strength,29.4,1.8,3,20.05,High,11.59,131,0.96,70.56,3.67
419,47,Male,86.6,1.99,182,153,70,1.98,1500.0,Strength,10.6,3.5,4,21.87,High,12.63,112,0.7,84.07,5.0
420,22,Male,96.3,1.63,180,162,62,1.35,1203.0,Cardio,27.1,2.4,4,36.25,Mid,14.85,118,1.23,90.0,3.67
421,29,Male,80.8,1.98,160,145,50,1.65,1316.0,Strength,14.6,3.5,5,20.61,High,13.29,110,0.96,90.62,3.67
422,33,Female,58.0,1.53,180,126,50,1.84,1159.0,Strength,18.3,2.7,5,24.78,High,10.5,130,0.69,70.0,2.33
423,43,Male,95.9,1.85,186,157,64,1.28,995.0,Yoga,27.7,3.4,2,28.02,Low,12.96,122,1.21,84.41,3.67
424,43,Female,61.5,1.58,165,149,50,1.86,1247.0,HIIT,16.8,2.7,5,24.64,High,11.17,115,0.89,90.3,3.67
425,38,Female,40.6,1.79,195,161,55,0.62,499.0,Cardio,26.8,2.7,2,12.67,Mid,13.41,140,2.85,82.56,1.0
426,56,Male,82.5,1.87,187,124,74,1.51,927.0,Yoga,13.2,3.5,5,23.59,Low,10.23,113,0.55,66.31,3.67
427,53,Male,105.1,1.84,176,130,62,0.69,444.0,Cardio,23.3,2.9,3,31.04,Mid,10.72,114,1.64,73.86,3.67
428,50,Female,58.1,1.58,199,120,50,1.93,1042.0,Yoga,19.3,2.7,5,23.27,Low,9.0,149,0.6,60.3,2.33
429,47,Female,61.0,1.76,162,153,54,1.54,1060.0,HIIT,15.6,2.7,5,19.69,High,11.47,108,1.07,94.44,3.67
430,54,Female,64.5,1.53,171,120,58,1.74,940.0,Yoga,17.2,2.7,4,27.55,Low,9.0,113,0.59,70.18,2.33
431,40,Male,58.2,1.98,198,138,74,1.43,1085.0,Cardio,24.0,2.5,3,14.85,Mid,12.65,124,0.75,69.7,2.33
432,27,Female,69.5,1.76,171,121,66,0.94,569.0,Strength,34.4,2.0,3,22.44,High,10.09,105,0.98,70.76,3.67
433,22,Male,62.2,1.84,161,140,65,0.51,393.0,Strength,21.5,2.3,3,18.37,High,12.84,96,2.45,86.96,2.33
434,53,Female,68.0,1.7,181,139,57,1.06,663.0,HIIT,25.1,2.4,4,23.53,High,10.42,124,1.29,76.8,3.67
435,51,Female,56.3,1.5,182,142,66,1.43,914.0,Cardio,27.4,2.4,3,25.02,Mid,10.65,116,0.89,78.02,3.67
436,48,Male,94.5,1.7,189,140,64,1.01,700.0,Cardio,28.2,3.5,3,32.7,Mid,11.55,125,1.25,74.07,3.67
437,27,Female,58.0,1.79,164,143,73,1.39,994.0,Cardio,27.1,1.5,2,18.1,Mid,11.92,91,0.84,87.2,2.33
438,36,Male,84.0,1.94,168,123,50,1.8,1218.0,HIIT,11.2,3.5,5,22.32,High,11.28,118,0.68,73.21,2.33
439,49,Male,61.0,1.87,180,131,61,1.14,739.0,Strength,21.3,3.0,4,17.44,High,10.8,119,1.02,72.78,3.67
440,18,Female,64.8,1.53,170,141,54,1.98,1396.0,Yoga,18.6,2.7,5,27.68,Low,11.75,116,0.73,82.94,2.33
441,22,Male,45.7,1.77,164,139,73,1.04,795.0,HIIT,20.7,2.4,3,14.59,High,12.74,91,1.06,84.76,2.33
442,21,Male,80.9,1.9,194,137,55,1.8,1356.0,Yoga,11.7,3.5,4,22.41,Low,12.56,139,0.76,70.62,2.33
443,33,Female,64.1,1.63,186,120,74,1.58,948.0,Strength,16.4,2.7,5,24.13,High,10.0,112,0.49,64.52,3.67
444,41,Male,67.0,1.77,161,149,50,1.22,900.0,HIIT,25.6,2.6,3,21.39,High,12.3,111,1.35,92.55,3.67
445,33,Male,106.5,1.6,183,152,74,1.4,1170.0,Strength,27.3,3.3,4,41.6,High,13.93,109,0.93,83.06,5.0
446,19,Male,95.1,1.85,190,143,50,1.21,952.0,Yoga,25.3,2.3,4,27.79,Low,13.11,140,1.28,75.26,2.33
447,45,Female,65.5,1.57,192,133,59,0.66,395.0,Cardio,34.3,2.3,2,26.57,Mid,9.97,133,1.87,69.27,3.67
448,49,Male,105.7,1.64,198,155,59,1.2,921.0,Cardio,29.5,3.1,3,39.3,Mid,12.79,139,1.33,78.28,2.33
449,44,Female,48.0,1.76,189,124,52,0.88,491.0,Yoga,28.6,2.6,2,15.5,Low,9.3,137,1.36,65.61,1.0
450,37,Female,69.5,1.5,196,130,66,0.69,448.0,Cardio,32.8,2.4,2,30.89,Mid,10.82,130,1.55,66.33,5.0
451,41,Male,66.1,1.69,187,143,68,0.77,545.0,Yoga,27.4,3.4,2,23.14,Low,11.8,119,1.62,76.47,3.67
452,29,Male,68.0,1.7,190,150,60,0.76,627.0,HIIT,28.9,2.9,2,23.53,High,13.75,130,1.97,78.95,5.0
453,52,Male,50.3,1.78,170,132,67,0.85,555.0,HIIT,24.5,2.3,2,15.88,High,10.88,103,1.27,77.65,3.67
454,50,Female,69.3,1.68,182,135,51,1.2,729.0,HIIT,30.3,2.0,2,24.55,High,10.12,131,1.17,74.18,3.67
455,50,Male,86.7,1.63,161,143,58,1.7,1203.0,Cardio,12.1,3.5,4,32.63,Mid,11.79,103,0.83,88.82,2.33
456,54,Male,125.9,1.94,199,132,73,1.35,882.0,Strength,28.5,2.9,3,33.45,High,10.89,126,0.73,66.33,5.0
457,29,Male,88.1,1.93,186,143,66,1.88,1479.0,Cardio,11.1,3.5,5,23.65,Mid,13.11,120,0.68,76.88,3.67
458,20,Male,124.3,1.82,194,145,63,1.25,997.0,Cardio,22.4,3.2,3,37.53,Mid,13.29,131,1.09,74.74,5.0
459,18,Male,62.0,1.85,161,121,53,0.88,586.0,Strength,23.7,3.0,3,18.12,High,11.1,108,1.29,75.16,1.0
460,50,Female,69.7,1.72,198,135,66,1.24,753.0,Strength,27.3,2.0,4,23.56,High,10.12,132,0.93,68.18,5.0
461,57,Female,60.9,1.52,196,157,66,1.31,926.0,Strength,30.6,1.8,3,26.36,High,11.78,130,1.16,80.1,3.67
462,27,Male,76.5,1.97,180,165,61,1.13,1025.0,Strength,21.3,2.3,2,19.71,High,15.12,119,1.53,91.67,5.0
463,46,Male,94.7,1.82,164,120,69,1.47,873.0,Cardio,23.2,3.2,3,28.59,Mid,9.9,95,0.58,73.17,5.0
464,30,Male,67.9,1.75,180,168,67,1.25,1155.0,Yoga,29.1,3.1,2,22.17,Low,15.4,113,1.35,93.33,3.67
465,29,Male,121.1,1.87,188,130,52,1.31,937.0,HIIT,24.1,3.2,4,34.63,High,11.92,136,0.99,69.15,2.33
466,48,Female,71.5,1.64,179,154,60,1.46,1012.0,Yoga,32.5,1.9,4,26.58,Low,11.55,119,1.07,86.03,3.67
467,19,Male,98.6,1.7,197,162,74,0.83,740.0,Cardio,21.1,2.4,2,34.12,Mid,14.86,123,1.77,82.23,3.67
468,52,Female,68.2,1.63,179,148,67,1.17,779.0,Strength,27.5,2.4,3,25.67,High,11.1,112,1.15,82.68,5.0
469,40,Female,57.7,1.69,184,156,53,1.18,920.0,HIIT,33.1,2.4,4,20.2,High,12.99,131,1.45,84.78,3.67
470,34,Male,124.6,1.63,161,136,66,1.41,1055.0,HIIT,27.6,2.8,3,46.9,High,12.47,95,0.83,84.47,3.67
471,43,Female,73.0,1.59,191,158,67,1.31,931.0,Yoga,28.9,2.2,3,28.88,Low,11.84,124,1.16,82.72,3.67
472,25,Female,59.4,1.51,185,161,54,1.62,1304.0,Cardio,19.8,2.7,5,26.05,Mid,13.42,131,1.1,87.03,2.33
473,46,Female,52.0,1.65,165,147,63,0.7,463.0,Cardio,34.1,1.9,2,19.1,Mid,11.02,102,2.0,89.09,3.67
474,43,Female,42.2,1.65,162,148,59,1.33,886.0,Cardio,34.6,2.3,3,15.5,Mid,11.1,103,1.12,91.36,1.0
475,27,Male,89.3,1.64,192,162,64,1.82,1622.0,HIIT,12.1,3.5,4,33.2,High,14.85,128,0.9,84.38,5.0
476,43,Male,110.0,1.76,160,122,50,1.09,658.0,Yoga,22.0,3.4,3,35.51,Low,10.06,110,1.1,76.25,2.33
477,51,Female,66.2,1.58,164,129,65,0.86,499.0,HIIT,31.3,2.3,3,26.52,High,9.67,99,1.24,78.66,5.0
478,58,Male,58.6,1.66,172,161,60,1.21,964.0,HIIT,26.8,2.9,2,21.27,High,13.28,112,1.39,93.6,3.67
479,24,Male,51.0,1.67,178,133,72,0.97,710.0,Strength,21.3,2.8,3,18.29,High,12.2,106,1.05,74.72,2.33
480,21,Male,101.5,1.95,171,131,69,0.97,699.0,Yoga,27.9,3.1,3,26.69,Low,12.01,102,1.07,76.61,3.67
481,28,Male,114.2,1.87,184,166,55,1.05,959.0,Strength,20.2,3.2,3,32.66,High,15.22,129,1.76,90.22,3.67
482,46,Male,54.4,1.72,194,161,73,0.91,725.0,Cardio,24.8,2.9,2,18.39,Mid,13.28,121,1.61,82.99,2.33
483,53,Female,52.4,1.57,171,149,71,1.34,898.0,HIIT,28.3,2.2,3,21.26,High,11.17,100,0.97,87.13,5.0
484,42,Male,85.2,1.81,189,151,65,1.54,1151.0,Yoga,13.7,3.5,5,26.01,Low,12.46,124,0.93,79.89,3.67
485,38,Male,83.6,1.74,164,151,51,1.66,1379.0,Cardio,11.6,3.5,5,27.61,Mid,13.85,113,1.0,92.07,2.33
486,53,Male,115.4,1.92,193,161,50,1.36,1084.0,Yoga,28.3,2.2,4,31.3,Low,13.28,143,1.36,83.42,2.33
487,27,Male,71.2,1.97,181,151,73,0.74,615.0,HIIT,25.9,3.6,3,18.35,High,13.85,108,1.76,83.43,3.67
488,54,Female,78.1,1.6,198,145,73,1.1,718.0,Yoga,32.9,2.4,4,30.51,Low,10.88,125,1.09,73.23,3.67
489,26,Female,54.2,1.65,172,120,58,1.07,642.0,Cardio,34.9,1.9,4,19.91,Mid,10.0,114,0.97,69.77,3.67
490,41,Female,77.6,1.76,162,161,71,1.27,920.0,Strength,31.8,2.2,4,25.05,High,12.07,91,1.18,99.38,5.0
491,52,Female,44.1,1.62,179,121,61,1.41,768.0,HIIT,34.8,1.6,3,16.8,High,9.08,118,0.71,67.6,2.33
492,52,Male,85.5,1.8,190,136,66,1.7,1144.0,Strength,10.1,3.5,5,26.39,High,11.22,124,0.69,71.58,5.0
493,53,Female,47.8,1.76,164,149,74,1.06,711.0,HIIT,28.4,1.5,4,15.43,High,11.18,90,1.18,90.85,3.67
494,35,Male,102.5,1.94,183,158,64,0.84,730.0,Cardio,21.1,2.4,2,27.23,Mid,14.48,119,1.87,86.34,3.67
495,56,Male,118.0,1.9,199,126,68,0.66,412.0,HIIT,22.6,3.2,2,32.69,High,10.4,131,1.46,63.32,5.0
496,49,Male,82.3,1.84,192,146,71,1.29,932.0,Strength,28.4,3.4,4,24.31,High,12.04,121,0.97,76.04,5.0
497,41,Male,81.6,1.87,167,128,59,1.87,1185.0,HIIT,10.2,3.5,5,23.33,High,10.56,108,0.61,76.65,2.33
498,40,Male,60.2,1.88,183,141,61,1.22,946.0,Cardio,25.2,3.0,3,17.03,Mid,12.92,122,1.09,77.05,2.33
499,49,Female,49.2,1.54,179,153,63,1.28,881.0,HIIT,30.7,2.1,3,20.75,High,11.47,116,1.17,85.47,5.0
500,54,Female,46.6,1.5,175,165,58,1.38,1025.0,Strength,30.6,2.0,2,20.71,High,12.38,117,1.29,94.29,2.33
501,29,Female,68.7,1.72,171,168,62,1.08,907.0,Cardio,29.8,1.7,4,23.22,Mid,14.0,109,1.64,98.25,3.67
502,30,Female,60.6,1.55,172,120,52,1.3,780.0,Strength,32.9,1.6,3,25.22,High,10.0,120,0.87,69.77,2.33
503,40,Male,52.1,1.61,198,128,70,0.87,612.0,HIIT,21.3,3.3,2,20.1,High,11.72,128,1.11,64.65,3.67
504,42,Female,46.6,1.77,184,139,63,0.61,382.0,Yoga,28.1,2.6,2,14.87,Low,10.44,121,2.08,75.54,2.33
505,52,Male,65.5,1.74,191,138,70,1.48,1011.0,Strength,26.2,2.8,4,21.63,High,11.39,121,0.77,72.25,5.0
506,58,Female,44.2,1.57,183,155,59,1.08,753.0,HIIT,31.9,2.3,3,17.93,High,11.62,124,1.48,84.7,1.0
507,47,Male,89.1,1.84,168,159,65,1.44,1133.0,Yoga,24.0,3.6,3,26.32,Low,13.11,103,1.09,94.64,3.67
508,34,Male,65.9,1.62,199,164,56,0.81,731.0,Yoga,28.8,2.2,2,25.11,Low,15.04,143,2.22,82.41,2.33
509,37,Female,55.6,1.57,182,123,53,0.97,597.0,Cardio,29.2,2.4,2,22.56,Mid,10.26,129,1.2,67.58,3.67
510,42,Male,63.7,1.98,172,128,69,1.37,868.0,Yoga,24.0,3.0,2,16.25,Low,10.56,103,0.72,74.42,2.33
511,39,Male,86.2,1.82,191,160,72,1.96,1725.0,Strength,10.2,3.5,5,26.02,High,14.67,119,0.75,83.77,5.0
512,30,Female,59.2,1.63,174,141,74,1.85,1304.0,Strength,17.8,2.7,4,22.28,High,11.75,100,0.6,81.03,3.67
513,36,Male,85.4,1.88,195,137,60,1.98,1492.0,Yoga,13.5,3.5,5,24.16,Low,12.56,135,0.65,70.26,3.67
514,53,Female,68.1,1.55,164,131,65,1.41,831.0,HIIT,26.1,2.2,4,28.35,High,9.82,99,0.78,79.88,5.0
515,29,Female,60.0,1.62,181,161,69,0.85,684.0,Strength,28.1,1.9,2,22.86,High,13.41,112,1.8,88.95,5.0
516,58,Female,74.8,1.69,175,162,53,1.28,933.0,Strength,32.8,2.3,4,26.19,High,12.15,122,1.42,92.57,2.33
517,36,Male,90.3,1.65,169,158,71,1.38,1199.0,Cardio,23.7,3.4,4,33.17,Mid,14.48,98,1.05,93.49,3.67
518,29,Male,86.1,1.65,183,128,71,1.66,1169.0,HIIT,11.2,3.5,4,31.63,High,11.74,112,0.57,69.95,3.67
519,26,Male,73.7,1.66,177,125,72,0.93,639.0,Yoga,26.7,2.2,2,26.75,Low,11.45,105,0.95,70.62,3.67
520,24,Female,67.7,1.56,177,138,66,1.42,980.0,HIIT,27.0,2.1,3,27.82,High,11.5,111,0.85,77.97,3.67
521,45,Male,78.3,1.96,166,167,62,1.29,1066.0,Cardio,29.0,2.2,3,20.38,Mid,13.77,104,1.36,100.6,3.67
522,31,Female,48.2,1.65,163,166,60,1.1,913.0,Cardio,26.1,2.5,2,17.7,Mid,13.83,103,1.61,101.84,2.33
523,48,Female,56.8,1.51,185,126,52,1.37,777.0,HIIT,32.1,2.1,4,24.91,High,9.45,133,0.9,68.11,2.33
524,36,Male,112.4,1.63,164,135,58,1.02,757.0,Cardio,25.0,3.4,4,42.3,Mid,12.37,106,1.26,82.32,2.33
525,33,Female,59.0,1.67,175,124,55,0.9,558.0,Cardio,33.7,1.9,3,21.16,Mid,10.33,120,1.28,70.86,3.67
526,22,Male,98.4,1.88,194,135,71,0.52,386.0,Cardio,21.3,2.2,2,27.84,Mid,12.37,123,2.05,69.59,5.0
527,52,Male,66.5,1.6,185,120,70,1.34,796.0,HIIT,26.8,2.1,4,25.98,High,9.9,115,0.62,64.86,3.67
528,29,Male,106.5,1.81,177,156,60,1.29,1107.0,Cardio,25.7,2.5,4,32.51,Mid,14.3,117,1.24,88.14,3.67
529,42,Male,88.4,1.93,188,158,65,1.68,1314.0,Yoga,12.4,3.5,4,23.73,Low,13.04,123,0.92,84.04,3.67
530,38,Male,88.4,1.79,182,138,68,1.74,1321.0,Yoga,12.5,3.5,5,27.59,Low,12.65,114,0.67,75.82,3.67
531,53,Female,53.3,1.74,173,156,54,1.37,962.0,Strength,32.2,1.8,3,17.6,High,11.7,119,1.24,90.17,2.33
532,40,Female,58.1,1.56,174,136,63,0.61,415.0,Yoga,34.4,2.2,2,23.87,Low,11.34,111,1.99,78.16,3.67
533,33,Female,74.2,1.76,192,145,66,1.15,834.0,Strength,25.9,1.5,4,23.95,High,12.09,126,1.14,75.52,5.0
534,56,Male,84.6,1.63,184,141,52,1.01,705.0,HIIT,20.2,2.9,4,31.84,High,11.63,132,1.47,76.63,3.67
535,59,Male,78.0,1.92,180,127,53,0.72,453.0,Cardio,28.1,2.7,3,21.16,Mid,10.49,127,1.71,70.56,2.33
536,56,Male,89.0,1.68,176,152,65,1.77,1332.0,Yoga,10.5,3.5,5,31.53,Low,12.54,111,0.82,86.36,3.67
537,31,Female,42.7,1.76,182,121,65,1.46,883.0,Strength,34.9,2.2,3,13.78,High,10.08,117,0.64,66.48,2.33
538,48,Male,83.9,1.82,176,149,70,1.9,1401.0,HIIT,13.1,3.5,5,25.33,High,12.29,106,0.69,84.66,5.0
539,22,Female,78.7,1.52,173,166,74,1.45,1204.0,Strength,31.5,2.3,3,34.06,High,13.84,99,1.06,95.95,5.0
540,52,Female,65.9,1.52,188,139,53,1.27,794.0,Cardio,27.0,2.3,4,28.52,Mid,10.42,135,1.13,73.94,2.33
541,40,Male,76.9,1.92,179,137,68,1.13,851.0,Yoga,22.4,3.7,4,20.86,Low,12.55,111,1.02,76.54,3.67
542,46,Male,84.3,2.0,189,162,66,1.83,1467.0,HIIT,13.3,3.5,5,21.07,High,13.36,123,0.87,85.71,3.67
543,28,Female,62.4,1.6,178,129,62,1.1,710.0,Strength,34.1,1.7,3,24.37,High,10.76,116,1.02,72.47,3.67
544,35,Male,63.7,1.74,198,143,71,1.03,810.0,HIIT,29.8,2.7,4,21.04,High,13.11,127,1.17,72.22,5.0
545,29,Female,54.9,1.52,172,123,72,1.48,910.0,Strength,27.0,2.0,3,23.76,High,10.25,100,0.57,71.51,3.67
546,26,Male,76.4,1.79,177,156,73,1.17,1004.0,Strength,21.3,2.7,3,23.84,High,14.3,104,1.18,88.14,5.0
547,27,Male,106.4,1.86,182,123,50,1.34,907.0,Cardio,20.6,3.1,2,30.76,Mid,11.28,132,0.91,67.58,3.67
548,34,Female,68.4,1.5,192,132,61,1.37,904.0,Cardio,33.7,2.1,4,30.4,Mid,11.0,131,0.86,68.75,5.0
549,55,Male,63.5,1.86,198,144,53,1.36,969.0,Strength,22.9,2.9,4,18.35,High,11.87,145,1.12,72.73,2.33
550,24,Female,59.4,1.5,199,132,60,1.25,825.0,Yoga,25.0,2.0,3,26.4,Low,11.0,139,0.96,66.33,3.67
551,30,Male,113.4,1.91,177,137,54,1.27,957.0,HIIT,22.2,3.7,3,31.08,High,12.56,123,1.09,77.4,2.33
552,57,Female,61.9,1.52,168,143,51,0.92,592.0,HIIT,28.4,2.6,3,26.79,High,10.72,117,1.67,85.12,3.67
553,59,Female,70.7,1.68,192,121,66,1.17,637.0,Cardio,34.9,1.9,3,25.05,Mid,9.07,126,0.78,63.02,3.67
554,26,Male,111.5,1.9,191,167,57,1.02,937.0,Yoga,25.2,2.2,2,30.89,Low,15.31,134,1.8,87.43,2.33
555,44,Female,72.1,1.66,176,152,55,1.4,958.0,Strength,27.0,2.5,2,26.16,High,11.4,121,1.15,86.36,3.67
556,19,Male,56.9,1.87,178,138,70,0.61,463.0,Cardio,23.3,3.7,3,16.27,Mid,12.65,108,1.86,77.53,3.67
557,22,Male,86.2,1.9,186,128,58,1.91,1345.0,Strength,11.7,3.5,5,23.88,High,11.74,128,0.61,68.82,2.33
558,46,Male,59.4,1.68,165,147,62,1.16,844.0,Strength,20.2,2.5,4,21.05,High,12.13,103,1.22,89.09,5.0
559,54,Female,75.6,1.72,194,154,60,0.97,672.0,Cardio,26.4,1.9,3,25.55,Mid,11.55,134,1.62,79.38,3.67
560,55,Female,76.3,1.73,196,158,65,1.08,768.0,Yoga,32.0,2.6,3,25.49,Low,11.85,131,1.44,80.61,3.67
561,36,Male,95.8,1.86,193,129,65,1.37,972.0,HIIT,21.2,3.2,3,27.69,High,11.82,128,0.78,66.84,3.67
562,25,Male,120.6,1.83,179,120,51,1.04,686.0,Cardio,22.3,2.5,3,36.01,Mid,10.99,128,1.11,67.04,2.33
563,18,Female,65.3,1.55,184,161,59,1.42,1143.0,Yoga,28.5,2.2,3,27.18,Low,13.42,125,1.2,87.5,2.33
564,39,Male,85.3,1.89,163,140,61,0.77,593.0,Strength,27.6,3.6,2,23.88,High,12.84,102,1.71,85.89,5.0
565,34,Male,68.0,1.68,169,128,57,0.67,472.0,Cardio,25.8,3.4,2,24.09,Mid,11.74,112,1.77,75.74,3.67
566,24,Female,52.6,1.57,169,166,60,1.29,1071.0,HIIT,31.9,2.4,2,21.34,High,13.84,109,1.37,98.22,5.0
567,42,Male,63.3,1.77,183,134,59,1.32,876.0,HIIT,25.7,3.3,3,20.2,High,11.06,124,0.95,73.22,2.33
568,21,Female,76.3,1.65,180,154,62,1.14,878.0,Strength,31.8,1.7,3,28.03,High,12.84,118,1.35,85.56,5.0
569,53,Male,61.0,1.63,170,124,74,0.54,331.0,Cardio,20.0,3.4,3,22.96,Mid,10.22,96,1.54,72.94,5.0
570,23,Female,67.8,1.61,186,160,66,1.34,1072.0,HIIT,34.3,1.8,2,26.16,High,13.33,120,1.17,86.02,5.0
571,48,Male,114.9,1.86,175,141,56,1.36,949.0,Cardio,21.1,3.6,3,33.21,Mid,11.63,119,1.04,80.57,2.33
572,36,Male,88.0,1.71,185,160,73,1.87,1646.0,HIIT,12.0,3.5,5,30.09,High,14.67,112,0.78,86.49,5.0
573,56,Female,67.7,1.58,189,142,52,1.45,927.0,Strength,32.7,1.9,2,27.12,High,10.66,137,1.03,75.13,3.67
574,44,Male,124.8,1.85,175,126,69,1.35,842.0,Strength,24.4,3.5,4,36.46,High,10.4,106,0.7,72.0,3.67
575,27,Female,53.0,1.58,166,142,62,1.26,895.0,Cardio,34.5,1.8,4,21.23,Mid,11.84,104,1.06,85.54,3.67
576,43,Male,61.2,1.88,175,163,68,1.03,831.0,Yoga,24.7,2.9,3,17.32,Low,13.45,107,1.54,93.14,2.33
577,36,Female,48.7,1.68,194,144,56,1.23,886.0,Yoga,33.7,1.6,3,17.25,Low,12.01,138,1.19,74.23,1.0
578,56,Female,50.6,1.7,175,146,58,1.29,848.0,Strength,33.1,2.3,2,17.51,High,10.96,117,1.14,83.43,2.33
579,20,Female,72.6,1.73,199,160,68,1.27,1016.0,HIIT,34.8,2.5,3,24.26,High,13.33,131,1.21,80.4,5.0
580,30,Female,70.4,1.56,171,125,62,1.03,644.0,Yoga,34.3,2.4,4,28.93,Low,10.42,109,1.02,73.1,3.67
581,45,Male,52.5,1.88,194,153,71,1.08,818.0,Strength,29.0,2.9,4,14.85,High,12.62,123,1.27,78.87,3.67
582,37,Male,76.3,1.77,180,128,57,1.36,957.0,HIIT,27.3,2.1,4,24.35,High,11.73,123,0.87,71.11,2.33
583,45,Female,41.2,1.58,195,168,71,1.47,1111.0,HIIT,28.7,2.6,2,16.5,High,12.6,124,1.1,86.15,2.33
584,25,Female,55.3,1.76,176,152,67,1.56,1186.0,Yoga,15.5,2.7,4,17.85,Low,12.67,109,0.91,86.36,2.33
585,58,Female,49.7,1.67,191,125,72,1.38,776.0,Strength,31.9,2.3,4,17.82,High,9.37,119,0.64,65.45,3.67
586,56,Male,48.3,1.87,165,156,51,0.68,525.0,HIIT,29.8,3.3,3,13.81,High,12.87,114,2.57,94.55,1.0
587,18,Male,83.2,1.96,183,150,67,1.83,1510.0,HIIT,13.6,3.5,4,21.66,High,13.75,116,0.76,81.97,3.67
588,20,Male,120.5,1.73,186,153,67,1.01,850.0,Cardio,29.3,3.4,3,40.26,Mid,14.03,119,1.42,82.26,3.67
589,30,Male,121.6,2.0,179,160,60,1.24,1091.0,Cardio,28.0,3.3,4,30.4,Mid,14.66,119,1.34,89.39,3.67
590,45,Female,73.0,1.75,184,148,50,1.14,759.0,Yoga,26.6,2.0,4,23.84,Low,11.1,134,1.43,80.43,2.33
591,42,Female,57.5,1.67,161,133,63,1.76,1053.0,Cardio,16.2,2.7,5,20.62,Mid,9.97,98,0.66,82.61,5.0
592,50,Female,42.7,1.53,168,155,65,1.41,983.0,Strength,28.4,2.4,4,18.24,High,11.62,103,1.06,92.26,3.67
593,55,Male,129.9,1.73,187,155,60,0.69,529.0,Yoga,21.7,3.1,3,43.4,Low,12.78,127,2.29,82.89,3.67
594,23,Male,108.6,1.92,197,134,50,0.89,656.0,Yoga,25.8,3.5,2,29.46,Low,12.28,147,1.57,68.02,2.33
595,49,Male,88.6,2.0,162,127,56,1.83,1150.0,Cardio,14.9,3.5,4,22.15,Mid,10.47,106,0.65,78.4,2.33
596,38,Female,49.7,1.51,179,145,65,1.25,906.0,HIIT,32.6,2.5,3,21.8,High,12.08,114,1.07,81.01,5.0
597,33,Female,56.4,1.54,165,155,63,1.06,822.0,Strength,29.2,1.5,3,23.78,High,12.92,102,1.45,93.94,5.0
598,38,Male,46.9,1.74,198,167,64,1.03,946.0,Strength,20.0,2.6,4,15.49,High,15.31,134,1.67,84.34,2.33
599,28,Female,71.3,1.67,192,140,63,1.46,1022.0,Strength,28.1,1.5,4,25.57,High,11.67,129,0.88,72.92,3.67
600,54,Male,71.6,1.86,160,147,70,1.14,830.0,Yoga,25.3,2.2,3,20.7,Low,12.13,90,1.13,91.88,3.67
601,53,Male,82.3,1.61,196,123,60,1.87,1139.0,Strength,11.6,3.5,5,31.75,High,10.15,136,0.56,62.76,3.67
602,52,Female,70.6,1.69,165,135,65,1.36,826.0,HIIT,26.1,2.2,3,24.72,High,10.12,100,0.86,81.82,5.0
603,36,Male,109.8,1.62,193,141,68,0.84,651.0,HIIT,24.4,3.5,3,41.84,High,12.92,125,1.45,73.06,5.0
604,37,Female,73.5,1.69,174,131,66,0.54,354.0,Cardio,27.5,1.6,2,25.73,Mid,10.93,108,2.01,75.29,5.0
605,35,Male,85.6,1.85,185,135,55,1.78,1322.0,Strength,14.5,3.5,5,25.01,High,12.38,130,0.75,72.97,2.33
606,58,Female,74.6,1.68,173,159,60,1.03,737.0,Yoga,26.0,2.0,4,26.43,Low,11.93,113,1.6,91.91,3.67
607,31,Female,63.2,1.8,166,157,66,0.59,463.0,Cardio,25.5,2.6,2,19.51,Mid,13.08,100,2.57,94.58,3.67
608,32,Female,62.6,1.63,190,161,58,1.67,1344.0,HIIT,15.0,2.7,5,23.56,High,13.41,132,1.03,84.74,3.67
609,48,Male,87.1,1.76,183,156,67,1.81,1398.0,Strength,11.6,3.5,5,28.12,High,12.87,116,0.82,85.25,5.0
610,18,Male,82.3,1.84,190,148,66,1.73,1408.0,HIIT,13.3,3.5,5,24.31,High,13.56,124,0.79,77.89,3.67
611,20,Female,64.3,1.78,188,137,61,1.71,1171.0,Cardio,18.7,2.7,4,20.29,Mid,11.41,127,0.74,72.87,5.0
612,33,Female,53.7,1.66,191,129,72,1.25,806.0,HIIT,29.5,2.5,3,19.49,High,10.75,119,0.76,67.54,3.67
613,40,Male,63.0,2.0,176,161,71,1.42,1257.0,Strength,26.8,2.9,4,15.75,High,14.75,105,1.06,91.48,3.67
614,28,Male,128.4,1.86,173,158,71,1.06,921.0,Strength,23.6,3.3,4,37.11,High,14.48,102,1.37,91.33,5.0
615,29,Male,88.0,1.89,199,137,54,1.75,1319.0,Cardio,13.3,3.5,5,24.64,Mid,12.56,145,0.79,68.84,3.67
616,27,Female,63.7,1.52,195,120,60,1.19,714.0,Strength,25.4,2.1,4,27.57,High,10.0,135,0.84,61.54,3.67
617,49,Male,83.7,1.87,183,158,53,1.29,1009.0,HIIT,23.9,2.3,4,23.94,High,13.04,130,1.36,86.34,2.33
618,33,Male,102.6,1.75,186,140,53,1.4,1078.0,HIIT,27.9,2.2,3,33.5,High,12.83,133,1.04,75.27,2.33
619,25,Female,77.7,1.55,184,120,52,0.55,330.0,Yoga,33.0,1.7,2,32.34,Low,10.0,132,2.06,65.22,3.67
620,55,Male,87.5,1.88,191,134,73,1.19,789.0,Yoga,27.2,2.6,4,24.76,Low,11.05,118,0.85,70.16,3.67
621,29,Male,87.0,1.86,177,123,72,1.52,1028.0,Yoga,11.0,3.5,4,25.15,Low,11.27,105,0.56,69.49,3.67
622,41,Male,82.8,1.66,177,139,74,1.97,1355.0,HIIT,11.2,3.5,5,30.05,High,11.46,103,0.55,78.53,5.0
623,45,Female,65.4,1.68,196,129,66,0.76,441.0,HIIT,35.0,2.6,3,23.17,High,9.67,130,1.38,65.82,3.67
624,25,Female,47.2,1.71,185,142,56,0.89,632.0,Cardio,26.0,2.5,2,16.14,Mid,11.84,129,1.61,76.76,2.33
625,45,Female,58.2,1.7,168,160,53,0.95,684.0,Yoga,26.8,2.0,3,20.14,Low,12.0,115,1.88,95.24,2.33
626,53,Female,73.5,1.55,194,153,72,1.17,806.0,HIIT,26.3,2.1,4,30.59,High,11.48,122,1.15,78.87,5.0
627,43,Female,55.2,1.73,167,165,62,1.67,1240.0,Cardio,16.6,2.7,5,18.44,Mid,12.38,105,1.03,98.8,2.33
628,25,Female,64.4,1.71,179,167,61,1.12,935.0,HIIT,27.1,1.8,3,22.02,High,13.91,118,1.58,93.3,5.0
629,45,Female,73.5,1.74,181,152,50,1.18,807.0,Cardio,30.0,2.3,4,24.28,Mid,11.4,131,1.44,83.98,2.33
630,45,Male,89.6,1.81,178,153,70,1.7,1287.0,Yoga,12.4,3.5,5,27.35,Low,12.62,108,0.81,85.96,3.67
631,54,Male,86.5,1.76,189,158,68,1.48,1158.0,Yoga,29.0,3.4,3,27.92,Low,13.04,121,1.01,83.6,3.67
632,58,Female,46.1,1.67,187,129,70,1.28,743.0,Yoga,25.3,1.8,4,16.53,Low,9.67,117,0.77,68.98,2.33
633,53,Male,68.5,1.97,194,139,69,1.3,894.0,HIIT,23.2,2.1,3,17.65,High,11.46,125,0.9,71.65,3.67
634,44,Male,94.6,1.84,170,120,67,1.26,748.0,HIIT,26.0,3.1,4,27.94,High,9.89,103,0.7,70.59,3.67
635,34,Female,54.2,1.52,190,132,60,1.13,746.0,Cardio,31.0,2.2,3,23.46,Mid,11.0,130,1.06,69.47,5.0
636,26,Male,47.7,1.77,198,120,69,1.15,759.0,Strength,24.8,2.7,3,15.23,High,11.0,129,0.74,60.61,2.33
637,50,Male,52.2,1.84,195,124,52,1.38,847.0,Strength,28.2,3.1,4,15.42,High,10.23,143,0.87,63.59,1.0
638,37,Male,88.8,1.95,189,135,66,1.58,1173.0,Yoga,10.3,3.5,5,23.35,Low,12.37,123,0.73,71.43,3.67
639,30,Male,101.0,1.68,182,134,61,1.46,1076.0,Strength,28.2,2.9,4,35.79,High,12.28,121,0.83,73.63,3.67
640,45,Male,118.4,1.95,178,168,59,1.06,881.0,Yoga,24.9,2.4,3,31.14,Low,13.85,119,1.71,94.38,2.33
641,46,Female,47.9,1.72,171,147,57,1.41,933.0,Cardio,26.3,2.0,3,16.19,Mid,11.03,114,1.06,85.96,1.0
642,30,Female,51.5,1.74,174,150,64,1.08,810.0,Strength,33.9,2.0,3,17.01,High,12.5,110,1.33,86.21,3.67
643,52,Female,79.9,1.51,190,142,54,0.75,479.0,Strength,31.5,2.6,3,35.04,High,10.64,136,1.96,74.74,3.67
644,23,Male,121.3,1.85,196,167,53,0.72,661.0,Yoga,21.6,3.6,2,35.44,Low,15.3,143,2.64,85.2,2.33
645,35,Female,78.9,1.64,196,164,70,1.28,1050.0,Cardio,25.3,2.6,4,29.34,Mid,13.67,126,1.22,83.67,3.67
646,22,Male,88.5,1.62,174,162,69,1.88,1675.0,Strength,10.7,3.5,5,33.72,High,14.85,105,0.82,93.1,5.0
647,42,Male,73.5,1.63,188,136,68,0.52,350.0,Strength,26.1,3.2,3,27.66,High,11.22,120,2.18,72.34,5.0
648,19,Male,127.9,1.93,185,168,70,1.27,1173.0,Strength,21.8,3.0,4,34.34,High,15.39,115,1.29,90.81,5.0
649,27,Male,88.5,1.98,161,153,53,1.8,1515.0,Cardio,11.1,3.5,4,22.57,Mid,14.03,108,0.93,95.03,2.33
650,47,Female,43.4,1.62,179,132,64,0.51,303.0,Cardio,25.3,2.3,3,16.54,Mid,9.9,115,2.22,73.74,2.33
651,22,Female,42.8,1.56,174,133,66,1.47,978.0,Strength,32.2,2.6,3,17.59,High,11.09,108,0.76,76.44,2.33
652,50,Male,64.5,1.79,163,130,61,1.17,753.0,Yoga,28.1,2.4,4,20.13,Low,10.73,102,0.98,79.75,3.67
653,18,Female,50.7,1.53,181,147,52,1.29,948.0,Yoga,33.0,2.1,3,21.66,Low,12.25,129,1.23,81.22,2.33
654,35,Male,59.2,1.66,197,161,59,1.3,1151.0,Strength,21.3,3.2,3,21.48,High,14.76,138,1.31,81.73,3.67
655,49,Female,78.9,1.73,182,151,64,1.38,938.0,Cardio,34.0,2.3,2,26.36,Mid,11.33,118,1.05,82.97,3.67
656,28,Female,78.7,1.63,185,154,59,1.1,847.0,Strength,31.7,1.8,3,29.62,High,12.83,126,1.44,83.24,3.67
657,38,Male,68.7,1.92,170,150,73,1.31,1081.0,Cardio,29.0,3.0,4,18.64,Mid,13.75,97,0.98,88.24,3.67
658,43,Female,53.1,1.59,187,136,72,0.82,502.0,Strength,29.5,2.5,2,21.0,High,10.2,115,1.3,72.73,5.0
659,42,Male,64.8,1.65,161,166,67,1.1,904.0,Cardio,24.4,2.8,3,23.8,Mid,13.7,94,1.5,103.11,3.67
660,39,Female,50.3,1.61,167,128,50,1.17,749.0,HIIT,32.8,2.5,2,19.41,High,10.67,117,1.11,76.65,2.33
661,44,Male,102.3,1.63,188,129,52,1.34,856.0,Yoga,20.9,2.6,4,38.5,Low,10.65,136,0.96,68.62,2.33
662,30,Male,62.9,1.92,170,127,70,1.13,789.0,HIIT,25.2,3.6,2,17.06,High,11.64,100,0.84,74.71,2.33
663,50,Female,56.5,1.6,196,140,61,1.88,1184.0,Yoga,19.2,2.7,5,22.07,Low,10.5,135,0.7,71.43,3.67
664,51,Female,74.6,1.55,177,132,50,0.71,422.0,Cardio,33.3,2.1,2,31.05,Mid,9.91,127,1.92,74.58,2.33
665,58,Male,52.0,1.79,173,169,52,1.12,937.0,HIIT,29.6,3.0,3,16.23,High,13.94,121,1.74,97.69,1.0
666,52,Female,52.1,1.67,169,124,52,1.5,837.0,Yoga,32.0,1.5,2,18.68,Low,9.3,117,0.8,73.37,2.33
667,18,Female,72.2,1.54,194,125,54,0.97,606.0,Strength,27.1,1.7,2,30.44,High,10.41,140,1.22,64.43,2.33
668,38,Male,85.8,1.8,168,149,68,1.72,1410.0,Cardio,10.1,3.5,4,26.48,Mid,13.66,100,0.78,88.69,3.67
669,23,Male,81.4,1.85,194,150,74,1.6,1320.0,Cardio,12.4,3.5,4,23.78,Mid,13.75,120,0.79,77.32,3.67
670,45,Female,50.9,1.65,170,136,50,1.45,887.0,Strength,30.1,2.3,2,18.7,High,10.2,120,0.99,80.0,3.67
671,34,Male,52.0,1.78,171,130,53,1.38,987.0,Strength,22.4,2.7,4,16.41,High,11.92,118,0.93,76.02,1.0
672,22,Male,71.0,1.93,162,139,53,1.42,1086.0,Yoga,21.2,2.9,4,19.06,Low,12.75,109,1.01,85.8,2.33
673,48,Male,80.6,1.77,198,167,66,1.51,1248.0,Cardio,12.9,3.5,4,25.73,Mid,13.77,132,1.11,84.34,3.67
674,22,Female,58.3,1.72,173,128,63,1.0,640.0,Yoga,32.6,1.6,3,19.71,Low,10.67,110,1.08,73.99,3.67
675,55,Female,63.0,1.7,187,121,67,1.32,719.0,Strength,34.9,2.5,3,21.8,High,9.08,120,0.68,64.71,3.67
676,20,Male,111.0,1.94,170,156,50,1.02,875.0,Cardio,27.6,3.3,4,29.49,Mid,14.3,120,1.73,91.76,2.33
677,40,Female,52.6,1.66,198,120,71,1.27,762.0,Strength,32.9,1.7,3,19.09,High,10.0,127,0.64,60.61,3.67
678,54,Male,116.4,2.0,184,123,65,1.13,688.0,Yoga,26.2,3.1,3,29.1,Low,10.15,119,0.86,66.85,3.67
679,54,Female,75.6,1.61,180,155,52,1.41,983.0,Yoga,34.9,2.5,4,29.17,Low,11.62,128,1.22,86.11,2.33
680,27,Male,61.6,1.8,169,144,72,1.48,1172.0,Yoga,26.4,3.1,2,19.01,Low,13.2,97,0.81,85.21,3.67
681,27,Male,108.0,1.8,174,122,70,1.38,926.0,Cardio,28.6,2.5,4,33.33,Mid,11.18,104,0.63,70.11,5.0
682,36,Female,59.3,1.75,178,128,58,0.99,634.0,Strength,34.5,2.3,3,19.36,High,10.67,120,1.18,71.91,2.33
683,34,Male,75.7,1.94,181,141,72,1.18,915.0,Strength,29.3,2.4,4,20.11,High,12.92,109,0.97,77.9,3.67
684,38,Female,56.3,1.6,180,142,53,1.21,859.0,Yoga,28.8,1.9,4,21.99,Low,11.83,127,1.23,78.89,2.33
685,31,Female,58.2,1.73,191,131,70,1.17,766.0,Yoga,25.8,1.8,3,19.45,Low,10.91,121,0.87,68.59,3.67
686,26,Male,55.7,1.68,182,129,54,1.13,802.0,Yoga,21.7,2.9,3,19.73,Low,11.83,128,1.11,70.88,2.33
687,18,Male,125.9,1.67,172,153,60,1.46,1229.0,Yoga,20.6,2.2,3,45.14,Low,14.03,112,1.06,88.95,3.67
688,30,Female,62.7,1.67,164,162,70,1.02,826.0,HIIT,26.1,2.6,4,22.48,High,13.5,94,1.5,98.78,5.0
689,21,Male,86.6,1.86,163,129,58,1.37,972.0,HIIT,21.8,2.6,3,25.03,High,11.82,105,0.86,79.14,2.33
690,18,Male,64.5,1.82,187,149,52,1.2,983.0,HIIT,23.4,2.4,3,19.47,High,13.65,135,1.35,79.68,2.33
691,57,Male,76.6,1.86,173,141,55,1.14,796.0,Yoga,25.4,2.8,4,22.14,Low,11.64,118,1.26,81.5,2.33
692,49,Male,81.4,1.83,167,125,73,1.98,1225.0,Yoga,13.6,3.5,5,24.31,Low,10.31,94,0.44,74.85,3.67
693,51,Male,60.7,1.71,168,169,60,1.14,954.0,Strength,22.1,2.5,2,20.76,High,13.95,108,1.59,100.6,3.67
694,45,Female,57.2,1.55,194,121,58,1.67,909.0,Cardio,18.4,2.7,5,23.81,Mid,9.07,136,0.63,62.37,3.67
695,48,Female,73.0,1.59,196,149,64,1.19,798.0,Strength,32.0,2.1,3,28.88,High,11.18,132,1.19,76.02,5.0
696,25,Male,123.8,1.99,180,121,72,1.13,752.0,HIIT,25.6,2.6,3,31.26,High,11.09,108,0.72,67.22,3.67
697,56,Male,93.6,1.66,177,151,52,1.37,1024.0,Strength,29.0,2.2,2,33.97,High,12.46,125,1.2,85.31,2.33
698,43,Male,76.8,1.92,192,161,50,1.24,988.0,Yoga,21.1,2.5,3,20.83,Low,13.28,142,1.49,83.85,2.33
699,51,Female,54.7,1.53,167,135,69,1.11,674.0,HIIT,26.8,2.0,4,23.37,High,10.12,98,0.99,80.84,5.0
700,20,Male,92.3,1.94,176,131,71,1.14,821.0,HIIT,24.3,2.1,3,24.52,High,12.0,105,0.88,74.43,3.67
701,29,Female,71.8,1.55,190,120,68,1.2,720.0,Cardio,26.3,2.4,4,29.89,Mid,10.0,122,0.72,63.16,5.0
702,18,Female,66.9,1.57,193,127,63,1.07,679.0,Cardio,30.7,2.2,3,27.14,Mid,10.58,130,1.0,65.8,5.0
703,22,Female,48.7,1.76,165,167,66,1.37,1144.0,HIIT,29.0,2.2,4,15.72,High,13.92,99,1.23,101.21,3.67
704,47,Male,66.2,1.71,181,169,71,1.42,1188.0,HIIT,22.8,2.9,3,22.64,High,13.94,110,1.15,93.37,3.67
705,47,Female,40.0,1.76,173,132,63,0.8,475.0,Strength,26.7,2.2,3,12.91,High,9.9,110,1.44,76.3,3.67
706,34,Male,112.4,1.85,162,134,66,1.18,870.0,HIIT,23.4,3.6,4,32.84,High,12.29,96,0.96,82.72,3.67
707,40,Female,70.0,1.55,171,163,74,0.85,693.0,Yoga,31.1,1.5,3,29.14,Low,13.59,97,1.75,95.32,3.67
708,32,Male,84.0,1.74,195,127,63,1.45,1013.0,Strength,25.8,2.1,3,27.74,High,11.64,132,0.74,65.13,3.67
709,54,Female,43.8,1.65,171,129,61,1.29,749.0,Yoga,26.6,1.7,4,16.09,Low,9.68,110,0.88,75.44,2.33
710,38,Male,123.3,1.62,161,165,65,1.34,1216.0,Yoga,21.2,2.3,4,46.98,Low,15.12,96,1.24,102.48,3.67
711,31,Female,57.9,1.56,161,124,50,1.8,1116.0,Yoga,15.1,2.7,5,23.79,Low,10.33,111,0.69,77.02,2.33
712,19,Male,82.4,1.96,174,169,62,1.9,1766.0,HIIT,10.1,3.5,5,21.45,High,15.49,112,0.94,97.13,5.0
713,28,Male,84.8,1.79,182,138,55,1.35,1025.0,Cardio,28.8,2.3,4,26.47,Mid,12.65,127,1.02,75.82,3.67
714,56,Male,109.6,1.66,188,166,66,1.29,1060.0,Cardio,20.5,3.1,3,39.77,Mid,13.7,122,1.29,88.3,3.67
715,55,Male,86.4,1.77,176,157,61,1.0,777.0,Yoga,27.3,2.8,3,27.58,Low,12.95,115,1.6,89.2,3.67
716,51,Female,63.9,1.8,191,130,72,1.07,626.0,HIIT,33.7,2.7,4,19.72,High,9.75,119,0.9,68.06,5.0
717,55,Female,70.8,1.62,166,162,68,0.54,394.0,Strength,26.0,1.8,3,26.98,High,12.16,98,2.9,97.59,3.67
718,51,Male,115.3,1.67,189,139,55,1.38,950.0,Yoga,24.4,2.5,3,41.34,Low,11.47,134,1.01,73.54,2.33
719,35,Female,55.3,1.56,187,139,56,1.71,1188.0,Strength,19.8,2.7,5,22.72,High,11.58,131,0.81,74.33,2.33
720,47,Male,73.9,1.8,173,140,50,1.36,942.0,Strength,28.3,3.7,3,22.81,High,11.54,123,1.1,80.92,3.67
721,32,Male,97.3,1.96,189,137,50,1.36,1025.0,HIIT,24.9,3.4,3,25.33,High,12.56,139,1.07,72.49,2.33
722,44,Female,60.4,1.65,176,169,54,1.27,966.0,HIIT,32.6,2.1,4,22.19,High,12.68,122,1.51,96.02,2.33
723,51,Male,49.3,1.61,191,129,55,1.36,868.0,Cardio,28.3,2.9,2,19.02,Mid,10.64,136,0.91,67.54,2.33
724,55,Male,91.8,1.78,165,153,65,1.44,1091.0,Cardio,23.5,3.4,3,28.97,Mid,12.63,100,1.02,92.73,3.67
725,50,Female,73.6,1.55,183,145,74,0.89,581.0,HIIT,33.9,2.1,3,30.63,High,10.88,109,1.33,79.23,5.0
726,41,Male,47.1,1.78,165,149,65,1.26,929.0,Yoga,24.7,2.4,3,14.87,Low,12.29,100,1.11,90.3,2.33
727,32,Male,65.2,1.62,186,128,63,0.58,408.0,Cardio,25.3,3.4,2,24.84,Mid,11.72,123,1.87,68.82,5.0
728,47,Male,87.2,1.64,177,165,50,2.0,1634.0,Strength,15.0,3.5,4,32.42,High,13.62,127,0.96,93.22,2.33
729,59,Male,96.7,1.71,183,150,62,0.57,423.0,Yoga,28.4,2.9,3,33.07,Low,12.37,121,2.57,81.97,3.67
730,34,Female,46.9,1.61,196,161,69,1.02,821.0,Strength,28.6,1.7,3,18.09,High,13.42,127,1.5,82.14,3.67
731,22,Female,72.1,1.62,183,123,59,1.38,849.0,HIIT,25.1,2.1,3,27.47,High,10.25,124,0.77,67.21,2.33
732,46,Female,62.5,1.54,197,125,73,1.61,906.0,Strength,18.1,2.7,4,26.35,High,9.38,124,0.54,63.45,3.67
733,21,Male,110.7,1.69,193,133,59,1.06,775.0,Yoga,27.0,2.7,3,38.76,Low,12.19,134,1.16,68.91,2.33
734,27,Male,102.6,1.83,199,123,58,1.41,954.0,HIIT,26.5,3.5,3,30.64,High,11.28,141,0.77,61.81,2.33
735,34,Female,64.3,1.62,174,145,62,1.76,1276.0,Yoga,19.8,2.7,5,24.5,Low,12.08,112,0.79,83.33,3.67
736,27,Male,80.7,1.61,170,166,52,1.75,1598.0,Strength,14.3,3.5,4,31.13,High,15.22,118,1.09,97.65,3.67
737,34,Male,115.3,1.81,181,167,67,1.36,1249.0,Yoga,24.5,2.2,2,35.19,Low,15.31,114,1.23,92.27,3.67
738,37,Male,87.8,1.69,183,158,69,1.81,1573.0,HIIT,10.3,3.5,5,30.74,High,14.48,114,0.82,86.34,5.0
739,41,Male,74.3,1.61,160,136,51,1.06,714.0,Strength,24.8,3.5,4,28.66,High,11.23,109,1.34,85.0,3.67
740,22,Female,78.5,1.7,177,138,66,1.36,938.0,Strength,31.9,2.1,4,27.16,High,11.5,111,0.88,77.97,3.67
741,51,Female,77.3,1.58,171,168,68,0.97,733.0,Cardio,31.1,2.0,2,30.96,Mid,12.59,103,1.72,98.25,3.67
742,23,Female,64.5,1.7,187,125,72,0.51,319.0,Cardio,30.4,1.7,2,22.32,Mid,10.42,115,1.73,66.84,5.0
743,19,Male,72.0,1.94,199,148,62,1.17,952.0,Yoga,24.7,3.2,3,19.13,Low,13.56,137,1.23,74.37,3.67
744,30,Female,77.9,1.77,166,130,62,1.41,916.0,Cardio,27.9,2.6,4,24.87,Mid,10.83,104,0.8,78.31,5.0
745,28,Female,69.6,1.58,182,135,50,1.49,1006.0,Cardio,27.8,2.0,3,27.88,Mid,11.25,132,0.95,74.18,3.67
746,40,Male,68.9,1.99,180,149,51,1.16,951.0,Cardio,25.0,2.4,4,17.4,Mid,13.66,129,1.41,82.78,1.0
747,33,Male,45.9,1.89,193,144,50,1.45,1148.0,Cardio,21.6,2.9,3,12.85,Mid,13.2,143,1.08,74.61,1.0
748,48,Female,68.2,1.69,170,159,73,0.75,537.0,HIIT,28.4,2.5,3,23.88,High,11.93,97,1.91,93.53,3.67
749,28,Female,79.6,1.59,181,130,54,1.49,968.0,HIIT,28.2,1.5,3,31.49,High,10.83,127,0.85,71.82,2.33
750,33,Female,53.6,1.52,194,126,73,1.02,643.0,Cardio,30.9,2.3,2,23.2,Mid,10.51,121,0.87,64.95,5.0
751,25,Female,57.7,1.58,188,145,52,1.36,986.0,Yoga,25.7,2.2,3,23.11,Low,12.08,136,1.14,77.13,2.33
752,21,Male,74.2,1.93,187,141,56,1.32,1024.0,HIIT,28.3,2.5,3,19.92,High,12.93,131,1.07,75.4,2.33
753,57,Female,64.4,1.56,177,144,73,1.52,985.0,Cardio,17.8,2.7,5,26.46,Mid,10.8,104,0.78,81.36,3.67
754,21,Female,54.9,1.78,173,138,71,0.55,380.0,HIIT,31.7,2.0,2,17.33,High,11.52,102,2.03,79.77,2.33
755,42,Male,50.3,1.64,177,150,62,0.63,468.0,Strength,27.0,2.4,3,18.7,High,12.38,115,2.33,84.75,5.0
756,20,Female,46.5,1.68,187,145,72,0.91,660.0,HIIT,27.9,2.4,2,16.48,High,12.09,115,1.34,77.54,2.33
757,49,Male,57.8,1.99,183,161,67,0.93,741.0,HIIT,24.7,3.1,3,14.6,High,13.28,116,1.68,87.98,2.33
758,20,Male,83.0,1.8,167,160,73,0.79,695.0,Yoga,29.6,2.9,2,25.62,Low,14.66,94,1.84,95.81,3.67
759,44,Male,82.5,1.79,167,155,70,1.51,1159.0,HIIT,13.8,3.5,5,25.75,High,12.79,97,0.94,92.81,5.0
760,46,Female,66.5,1.73,163,142,56,1.11,709.0,Yoga,34.7,2.0,3,22.22,Low,10.65,107,1.29,87.12,2.33
761,49,Female,70.2,1.67,186,166,50,0.93,695.0,Strength,32.5,1.8,3,25.17,High,12.46,136,2.08,89.25,2.33
762,36,Male,121.9,1.93,195,132,54,1.49,1082.0,Cardio,21.8,3.4,3,32.73,Mid,12.1,141,0.87,67.69,3.67
763,38,Female,70.3,1.52,164,144,66,1.19,857.0,Yoga,25.6,2.0,4,30.43,Low,12.0,98,1.09,87.8,3.67
764,22,Female,40.3,1.56,192,121,57,1.45,877.0,HIIT,30.8,2.1,4,16.56,High,10.08,135,0.74,63.02,1.0
765,35,Male,101.4,1.76,193,121,64,0.84,559.0,HIIT,23.6,2.9,2,32.74,High,11.09,129,1.13,62.69,3.67
766,45,Male,79.2,1.95,189,135,69,1.47,982.0,Yoga,22.8,2.8,3,20.83,Low,11.13,120,0.75,71.43,3.67
767,59,Female,75.8,1.77,167,128,53,1.46,841.0,Strength,33.1,1.8,3,24.19,High,9.6,114,0.86,76.65,3.67
768,39,Male,71.7,1.88,198,147,51,0.55,445.0,Cardio,23.7,2.2,2,20.29,Mid,13.48,147,2.91,74.24,2.33
769,38,Female,57.7,1.56,185,132,54,1.64,1082.0,HIIT,16.6,2.7,5,23.71,High,11.0,131,0.79,71.35,2.33
770,23,Female,47.4,1.6,196,154,50,0.76,585.0,Strength,33.5,1.6,3,18.52,High,12.83,146,2.28,78.57,3.67
771,18,Female,57.2,1.75,193,160,74,1.29,1032.0,Cardio,33.5,2.4,3,18.68,Mid,13.33,119,1.11,82.9,3.67
772,22,Female,44.8,1.72,166,132,54,1.48,977.0,Cardio,28.6,1.8,4,15.14,Mid,11.0,112,0.88,79.52,2.33
773,58,Male,90.2,1.72,199,150,55,0.9,668.0,HIIT,28.3,2.1,2,30.49,High,12.37,144,1.76,75.38,2.33
774,29,Male,84.9,1.72,187,140,51,1.79,1378.0,Yoga,14.3,3.5,4,28.7,Low,12.83,136,0.83,74.87,2.33
775,43,Male,95.7,1.77,198,151,50,1.08,807.0,HIIT,24.2,3.4,3,30.55,High,12.45,148,1.56,76.26,3.67
776,51,Male,59.0,1.65,198,153,53,1.22,924.0,HIIT,20.7,2.3,3,21.67,High,12.62,145,1.37,77.27,3.67
777,31,Female,60.5,1.77,187,127,56,1.72,1092.0,HIIT,15.0,2.7,4,19.31,High,10.58,131,0.69,67.91,2.33
778,43,Female,53.8,1.72,173,160,71,1.03,742.0,Strength,30.2,2.3,4,18.19,High,12.01,102,1.44,92.49,3.67
779,44,Male,86.6,1.97,197,167,50,1.66,1372.0,Yoga,11.7,3.5,5,22.31,Low,13.78,147,1.17,84.77,2.33
780,26,Female,72.8,1.67,163,121,50,1.37,829.0,Strength,35.0,1.9,2,26.1,High,10.09,113,0.86,74.23,2.33
781,43,Female,66.3,1.77,177,157,57,1.48,1046.0,HIIT,32.7,1.7,4,21.16,High,11.78,120,1.13,88.7,3.67
782,39,Female,56.0,1.6,184,151,69,0.89,672.0,Yoga,32.6,2.0,2,21.87,Low,12.58,115,1.54,82.07,3.67
783,47,Male,45.9,1.93,166,159,65,1.29,1015.0,Cardio,29.6,2.0,3,12.32,Mid,13.11,101,1.21,95.78,2.33
784,34,Male,88.0,1.64,197,147,70,1.9,1536.0,Yoga,14.4,3.5,4,32.72,Low,13.47,127,0.68,74.62,3.67
785,43,Male,94.0,1.79,187,156,62,1.31,1012.0,HIIT,23.2,3.4,2,29.34,High,12.88,125,1.2,83.42,5.0
786,53,Female,44.7,1.79,164,160,72,1.34,965.0,Yoga,26.7,2.1,3,13.95,Low,12.0,92,1.09,97.56,2.33
787,18,Male,63.2,1.63,162,120,73,0.66,436.0,Cardio,27.5,2.2,3,23.79,Mid,11.01,89,1.19,74.07,3.67
788,25,Male,95.6,1.9,190,160,72,1.47,1294.0,Cardio,23.8,2.4,4,26.48,Mid,14.67,118,1.0,84.21,3.67
789,52,Male,47.8,1.86,179,129,67,1.01,645.0,Yoga,24.7,2.8,3,13.82,Low,10.64,112,1.02,72.07,2.33
790,32,Male,85.3,1.64,178,123,69,1.77,1197.0,Cardio,13.2,3.5,4,31.71,Mid,11.27,109,0.51,69.1,5.0
791,39,Male,59.7,1.83,170,154,59,1.35,1143.0,Strength,29.1,2.3,4,17.83,High,14.11,111,1.17,90.59,2.33
792,31,Male,70.2,1.98,199,129,61,0.71,504.0,Yoga,24.2,2.5,2,17.91,Low,11.83,138,1.6,64.82,2.33
793,43,Female,72.7,1.8,162,166,50,0.79,590.0,Cardio,32.8,2.1,3,22.44,Mid,12.45,112,2.45,102.47,2.33
794,45,Female,50.4,1.79,182,130,59,0.74,433.0,Cardio,27.7,2.5,2,15.73,Mid,9.75,123,1.6,71.43,2.33
795,40,Male,81.7,1.74,166,133,58,0.91,666.0,Yoga,27.0,2.7,2,26.99,Low,12.2,108,1.37,80.12,2.33
796,31,Male,49.3,1.62,182,157,52,0.56,484.0,Strength,20.0,3.2,2,18.79,High,14.4,130,3.12,86.26,3.67
797,41,Female,61.9,1.64,166,131,68,1.93,1138.0,Yoga,19.4,2.7,4,23.01,Low,9.83,98,0.54,78.92,3.67
798,19,Female,49.1,1.68,193,164,58,1.42,1164.0,Cardio,25.3,2.6,4,17.4,Mid,13.66,135,1.24,84.97,1.0
799,43,Male,66.5,1.83,178,136,59,1.11,747.0,Yoga,27.1,2.4,3,19.86,Low,11.22,119,1.16,76.4,2.33
800,31,Male,75.5,1.93,168,135,68,0.6,446.0,Cardio,20.5,3.4,2,20.27,Mid,12.39,100,1.86,80.36,5.0
801,24,Male,88.2,1.79,177,154,65,1.76,1491.0,HIIT,11.3,3.5,4,27.53,High,14.12,112,0.84,87.01,5.0
802,20,Male,74.8,1.75,184,121,73,1.33,885.0,Yoga,25.0,3.3,3,24.42,Low,11.09,111,0.6,65.76,5.0
803,40,Female,72.2,1.6,173,130,67,0.87,566.0,Yoga,29.2,1.9,3,28.2,Low,10.84,106,1.21,75.14,3.67
804,35,Male,62.8,1.63,184,160,63,1.41,1241.0,Cardio,21.9,3.7,4,23.64,Mid,14.67,121,1.15,86.96,3.67
805,55,Male,84.7,1.79,178,122,52,1.19,719.0,Cardio,23.3,2.4,3,26.43,Mid,10.07,126,0.98,68.54,3.67
806,52,Male,116.5,1.69,198,148,51,0.53,388.0,Cardio,27.3,2.4,2,40.79,Mid,12.2,147,3.05,74.75,2.33
807,32,Male,77.4,1.92,174,137,50,1.39,1047.0,Cardio,26.7,3.3,3,21.0,Mid,12.55,124,1.04,78.74,3.67
808,42,Female,72.9,1.62,175,139,67,1.17,732.0,Yoga,25.7,2.0,4,27.78,Low,10.43,108,1.03,79.43,3.67
809,54,Female,58.4,1.59,186,166,73,1.08,807.0,Cardio,32.5,1.9,2,23.1,Mid,12.45,113,1.44,89.25,3.67
810,45,Female,64.3,1.54,199,133,58,1.67,999.0,Yoga,15.3,2.7,4,27.11,Low,9.97,141,0.75,66.83,2.33
811,27,Male,89.3,1.87,169,153,62,1.62,1363.0,Strength,12.7,3.5,5,25.54,High,14.02,107,0.94,90.53,5.0
812,56,Male,90.2,1.61,163,168,51,1.38,1148.0,Yoga,22.6,2.3,3,34.8,Low,13.86,112,1.41,103.07,2.33
813,34,Female,59.0,1.62,178,150,56,1.13,847.0,Cardio,30.9,2.4,4,22.48,Mid,12.49,122,1.39,84.27,2.33
814,56,Male,58.7,1.86,187,159,65,1.09,858.0,Cardio,22.6,3.3,3,16.97,Mid,13.12,122,1.44,85.03,2.33
815,39,Male,127.5,1.82,180,161,70,1.26,1116.0,Strength,29.8,3.0,3,38.49,High,14.76,110,1.2,89.44,5.0
816,43,Female,68.6,1.52,173,137,68,1.42,875.0,Yoga,28.1,2.6,4,29.69,Low,10.27,105,0.81,79.19,3.67
817,42,Female,56.7,1.53,192,149,74,1.07,717.0,Strength,27.4,1.9,3,24.22,High,11.17,118,1.17,77.6,5.0
818,34,Female,64.5,1.78,169,144,64,1.33,958.0,Yoga,27.8,1.8,4,20.36,Low,12.01,105,1.0,85.21,3.67
819,30,Female,61.6,1.52,178,138,71,1.78,1228.0,Cardio,19.5,2.7,4,26.66,Mid,11.5,107,0.63,77.53,5.0
820,37,Male,75.1,1.82,189,127,60,1.23,859.0,Yoga,26.4,3.2,4,22.67,Low,11.64,129,0.91,67.2,3.67
821,42,Male,79.3,1.93,181,147,50,1.22,888.0,Cardio,27.3,3.3,2,21.29,Mid,12.13,131,1.33,81.22,2.33
822,21,Female,72.6,1.68,162,127,70,1.19,756.0,Cardio,34.2,1.8,3,25.72,Mid,10.59,92,0.8,78.4,5.0
823,27,Male,76.7,1.7,196,150,56,0.96,792.0,HIIT,29.1,2.1,3,26.54,High,13.75,140,1.63,76.53,3.67
824,20,Female,44.2,1.61,177,122,69,1.08,659.0,HIIT,32.4,2.5,2,17.05,High,10.17,108,0.82,68.93,2.33
825,58,Female,56.5,1.7,170,122,57,0.74,406.0,Yoga,27.0,2.7,2,19.55,Low,9.14,113,1.46,71.76,2.33
826,35,Male,100.9,1.63,161,163,59,1.1,986.0,Cardio,28.4,3.1,2,37.98,Mid,14.94,102,1.58,101.24,2.33
827,53,Female,55.8,1.55,171,141,54,1.12,711.0,Strength,27.0,1.8,4,23.23,High,10.58,117,1.29,82.46,3.67
828,39,Male,58.3,1.93,165,136,58,1.35,1010.0,Cardio,27.4,3.7,4,15.65,Mid,12.47,107,0.96,82.42,1.0
829,51,Male,48.6,1.77,199,155,74,1.47,1128.0,Strength,26.9,3.5,2,15.51,High,12.79,125,0.92,77.89,3.67
830,25,Male,81.7,1.95,188,136,74,1.94,1451.0,Yoga,13.8,3.5,4,21.49,Low,12.47,114,0.53,72.34,3.67
831,57,Male,85.6,1.69,189,133,50,1.76,1159.0,Yoga,12.7,3.5,5,29.97,Low,10.98,139,0.79,70.37,2.33
832,36,Female,60.0,1.72,161,128,51,1.63,1043.0,Strength,18.2,2.7,5,20.28,High,10.66,110,0.79,79.5,2.33
833,59,Male,126.4,1.69,168,149,68,1.24,915.0,Strength,29.5,2.9,3,44.26,High,12.3,100,1.09,88.69,3.67
834,58,Female,75.4,1.78,161,140,63,1.05,662.0,Cardio,26.0,2.5,4,23.8,Mid,10.51,98,1.22,86.96,3.67
835,54,Female,64.2,1.69,188,131,69,1.69,996.0,Yoga,16.5,2.7,4,22.48,Low,9.82,119,0.61,69.68,3.67
836,23,Female,65.2,1.62,192,156,59,1.37,1069.0,Cardio,31.1,2.5,3,24.84,Mid,13.0,133,1.18,81.25,2.33
837,43,Female,70.1,1.66,169,151,58,0.99,673.0,Strength,34.6,2.6,2,25.44,High,11.33,111,1.57,89.35,3.67
838,51,Male,102.6,1.77,193,130,59,1.21,779.0,HIIT,21.0,3.4,2,32.75,High,10.73,134,0.98,67.36,3.67
839,23,Male,107.2,1.93,167,139,55,1.15,879.0,HIIT,20.2,3.1,4,28.78,High,12.74,112,1.22,83.23,2.33
840,54,Female,56.5,1.75,196,154,66,1.76,1220.0,HIIT,15.3,2.7,5,18.45,High,11.55,130,0.83,78.57,3.67
841,50,Female,61.6,1.75,192,166,74,1.22,911.0,Strength,25.5,2.2,4,20.11,High,12.45,118,1.26,86.46,3.67
842,39,Male,81.7,1.75,165,165,55,1.32,1198.0,Cardio,29.1,2.8,4,26.68,Mid,15.13,110,1.39,100.0,2.33
843,38,Female,76.6,1.58,199,130,53,0.74,481.0,Yoga,32.2,2.3,2,30.68,Low,10.83,146,1.73,65.33,2.33
844,23,Male,116.8,1.79,178,127,69,1.0,698.0,Strength,26.8,3.4,4,36.45,High,11.63,109,0.97,71.35,3.67
845,23,Female,60.1,1.59,191,123,52,1.8,1107.0,HIIT,17.6,2.7,4,23.77,High,10.25,139,0.66,64.4,2.33
846,21,Male,93.7,1.73,186,146,72,1.0,803.0,Cardio,27.8,3.6,2,31.31,Mid,13.38,114,1.23,78.49,5.0
847,47,Female,41.6,1.58,160,163,68,1.03,756.0,Yoga,26.6,2.1,4,16.66,Low,12.23,92,1.54,101.88,2.33
848,28,Female,55.1,1.79,192,159,67,1.99,1582.0,Yoga,17.0,2.7,5,17.2,Low,13.25,125,0.77,82.81,2.33
849,47,Male,127.1,1.76,199,157,73,0.71,552.0,Strength,24.9,3.0,2,41.03,High,12.96,126,1.97,78.89,3.67
850,48,Female,69.1,1.6,191,166,53,1.34,1001.0,Strength,26.1,2.0,4,26.99,High,12.45,138,1.41,86.91,2.33
851,41,Female,66.8,1.74,164,149,57,1.34,898.0,Yoga,29.2,2.3,3,22.06,Low,11.17,107,1.14,90.85,2.33
852,26,Male,125.5,1.76,176,163,66,1.15,1031.0,Yoga,23.2,3.1,4,40.52,Low,14.94,110,1.41,92.61,3.67
853,20,Female,71.3,1.58,167,167,54,1.07,893.0,HIIT,25.4,1.5,3,28.56,High,13.91,113,1.76,100.0,3.67
854,48,Male,129.2,1.61,193,167,62,1.06,876.0,Yoga,21.4,2.9,4,49.84,Low,13.77,131,1.65,86.53,3.67
855,57,Male,96.3,1.86,168,146,74,1.1,795.0,Strength,27.6,2.2,3,27.84,High,12.05,94,1.09,86.9,5.0
856,54,Female,67.5,1.54,182,140,50,0.72,454.0,Cardio,25.2,1.5,3,28.46,Mid,10.51,132,2.08,76.92,2.33
857,53,Female,64.4,1.55,194,139,62,1.77,1107.0,HIIT,19.7,2.7,4,26.81,High,10.42,132,0.73,71.65,5.0
858,41,Female,64.9,1.57,166,123,53,1.04,576.0,HIIT,25.9,2.4,4,26.33,High,9.23,113,1.12,74.1,2.33
859,48,Female,52.3,1.66,174,130,71,0.74,433.0,Yoga,33.0,1.8,3,18.98,Low,9.75,103,1.33,74.71,3.67
860,23,Female,56.7,1.55,179,132,73,1.38,911.0,Cardio,34.0,1.9,4,23.6,Mid,11.0,106,0.71,73.74,5.0
861,19,Female,46.8,1.63,184,128,63,1.35,864.0,HIIT,34.4,1.6,4,17.61,High,10.67,121,0.8,69.57,2.33
862,37,Female,70.3,1.77,162,123,52,1.01,621.0,Strength,33.7,1.7,2,22.44,High,10.25,110,1.17,75.93,2.33
863,45,Male,80.8,1.76,183,131,54,1.7,1102.0,Yoga,11.4,3.5,4,26.08,Low,10.8,129,0.75,71.58,2.33
864,28,Female,56.0,1.5,193,128,56,1.94,1242.0,Strength,16.7,2.7,5,24.89,High,10.67,137,0.62,66.32,2.33
865,21,Male,101.2,1.84,181,132,50,1.3,944.0,Yoga,24.3,3.3,2,29.89,Low,12.1,131,1.05,72.93,2.33
866,32,Female,56.6,1.57,170,167,72,1.65,1378.0,HIIT,15.7,2.7,4,22.96,High,13.92,98,0.96,98.24,5.0
867,23,Female,40.9,1.75,167,145,61,0.82,594.0,Yoga,25.2,2.1,3,13.36,Low,12.07,106,1.71,86.83,2.33
868,47,Male,127.8,1.65,198,157,60,0.77,598.0,Cardio,28.7,3.5,2,46.94,Mid,12.94,138,2.1,79.29,3.67
869,55,Female,49.3,1.76,194,161,73,1.28,927.0,Strength,30.5,2.0,2,15.92,High,12.07,121,1.15,82.99,2.33
870,19,Female,64.3,1.63,197,132,57,1.87,1234.0,Cardio,18.0,2.7,5,24.2,Mid,11.0,140,0.67,67.01,3.67
871,32,Male,49.3,1.62,167,158,74,1.18,1025.0,Strength,29.3,2.5,3,18.79,High,14.48,93,1.19,94.61,5.0
872,28,Female,63.0,1.62,196,147,55,0.68,500.0,Strength,31.7,1.9,2,24.01,High,12.25,141,2.25,75.0,3.67
873,25,Female,41.1,1.67,186,138,71,1.03,711.0,Yoga,31.9,2.4,3,14.74,Low,11.5,115,1.08,74.19,2.33
874,43,Female,40.5,1.74,187,143,51,1.5,965.0,HIIT,32.9,2.2,3,13.38,High,10.72,136,1.02,76.47,2.33
875,22,Male,71.0,1.62,199,138,68,0.91,691.0,HIIT,21.2,3.5,2,27.05,High,12.66,131,1.28,69.35,3.67
876,23,Female,60.9,1.62,193,168,69,1.59,1336.0,Cardio,16.8,2.7,5,23.21,Mid,14.0,124,1.04,87.05,3.67
877,43,Female,64.7,1.66,191,132,69,1.88,1117.0,Yoga,19.8,2.7,4,23.48,Low,9.9,122,0.56,69.11,3.67
878,21,Female,51.0,1.71,174,132,73,1.07,706.0,HIIT,34.2,2.2,3,17.44,High,11.0,101,0.92,75.86,2.33
879,36,Female,57.7,1.77,176,147,63,1.65,1213.0,Strength,19.4,2.7,4,18.42,High,12.25,113,0.85,83.52,3.67
880,37,Male,76.9,1.82,192,121,50,1.49,992.0,Strength,24.5,2.8,4,23.22,High,11.1,142,0.79,63.02,2.33
881,50,Male,80.5,1.77,175,129,59,1.85,1181.0,Yoga,14.3,3.5,4,25.7,Low,10.64,116,0.63,73.71,2.33
882,37,Female,73.3,1.74,188,141,65,1.03,726.0,Cardio,25.5,2.4,3,24.21,Mid,11.75,123,1.23,75.0,3.67
883,29,Female,49.0,1.57,168,132,53,1.33,878.0,Yoga,26.5,2.6,3,19.88,Low,11.0,115,0.99,78.57,2.33
884,18,Male,114.5,1.97,192,128,60,1.03,725.0,Cardio,24.1,2.6,3,29.5,Mid,11.73,132,1.1,66.67,5.0
885,43,Male,81.0,1.78,188,152,65,1.58,1189.0,Yoga,12.4,3.5,5,25.56,Low,12.54,123,0.92,80.85,3.67
886,31,Female,53.5,1.76,172,133,69,1.22,811.0,Strength,27.6,1.8,4,17.27,High,11.08,103,0.87,77.33,2.33
887,55,Male,52.1,1.68,180,167,50,0.77,637.0,Yoga,23.6,3.0,3,18.46,Low,13.79,130,2.53,92.78,1.0
888,54,Female,70.1,1.52,180,139,65,0.76,475.0,HIIT,26.6,2.1,2,30.34,High,10.42,115,1.62,77.22,5.0
889,28,Male,86.9,1.78,164,134,68,1.29,951.0,HIIT,24.9,3.7,4,27.43,High,12.29,96,0.85,81.71,3.67
890,53,Male,73.4,1.76,169,151,70,1.09,815.0,Yoga,27.9,2.8,3,23.7,Low,12.46,99,1.24,89.35,3.67
891,30,Male,90.0,1.66,165,152,71,1.32,1104.0,Cardio,26.6,2.1,4,32.66,Mid,13.94,94,1.02,92.12,3.67
892,20,Male,85.7,1.92,172,136,58,1.72,1287.0,Cardio,10.5,3.5,5,23.25,Mid,12.47,114,0.76,79.07,3.67
893,50,Female,70.4,1.55,160,143,58,0.73,470.0,Strength,29.9,2.7,2,29.3,High,10.73,102,1.94,89.38,3.67
894,23,Male,57.7,1.71,179,149,58,1.15,942.0,Strength,27.0,3.4,3,19.73,High,13.65,121,1.32,83.24,2.33
895,27,Male,75.7,1.76,167,132,66,0.68,494.0,Cardio,25.3,2.3,3,24.44,Mid,12.11,101,1.62,79.04,5.0
896,22,Female,61.8,1.52,169,166,61,1.83,1519.0,Yoga,17.0,2.7,5,26.75,Low,13.83,108,0.96,98.22,3.67
897,40,Male,80.3,1.76,168,167,74,1.63,1497.0,Strength,13.1,3.5,5,25.92,High,15.31,94,0.95,99.4,3.67
898,27,Male,104.3,1.68,162,135,62,1.28,950.0,Cardio,29.7,3.5,3,36.95,Mid,12.37,100,0.95,83.33,5.0
899,19,Female,65.7,1.58,170,121,57,1.46,883.0,Cardio,25.9,1.9,3,26.32,Mid,10.08,113,0.73,71.18,2.33
900,30,Male,120.3,1.96,171,136,65,0.66,494.0,Yoga,23.9,2.6,2,31.32,Low,12.47,106,1.79,79.53,3.67
901,57,Female,51.9,1.57,169,151,67,1.05,713.0,HIIT,29.1,2.6,3,21.06,High,11.32,102,1.33,89.35,3.67
902,19,Female,59.1,1.57,184,162,50,1.65,1336.0,Cardio,17.9,2.7,5,23.98,Mid,13.49,134,1.13,88.04,2.33
903,37,Female,66.9,1.75,184,127,50,1.38,876.0,Strength,26.5,2.1,4,21.84,High,10.58,134,0.93,69.02,2.33
904,18,Female,66.9,1.75,170,122,61,0.94,573.0,Yoga,26.8,1.7,2,21.84,Low,10.16,109,1.08,71.76,5.0
905,54,Male,78.7,1.66,195,131,55,1.42,921.0,Yoga,22.9,2.6,3,28.56,Low,10.81,140,0.89,67.18,2.33
906,26,Female,62.4,1.61,198,139,58,1.88,1307.0,Yoga,19.8,2.7,4,24.07,Low,11.59,140,0.72,70.2,2.33
907,34,Male,102.1,1.71,185,135,72,0.96,713.0,HIIT,27.3,3.2,2,34.92,High,12.38,113,1.09,72.97,3.67
908,26,Male,51.9,2.0,173,133,54,0.75,549.0,HIIT,26.6,2.3,2,12.97,High,12.2,119,1.76,76.88,1.0
909,28,Male,58.3,2.0,198,135,65,1.32,980.0,Strength,28.2,3.0,4,14.57,High,12.37,133,0.88,68.18,2.33
910,32,Male,89.8,1.92,199,168,67,1.93,1783.0,Strength,10.6,3.5,4,24.36,High,15.4,132,0.87,84.42,5.0
911,41,Male,101.1,1.83,160,162,66,0.79,634.0,Yoga,28.6,3.2,2,30.19,Low,13.38,94,2.03,101.25,3.67
912,55,Male,118.6,1.72,163,168,67,0.77,640.0,Strength,25.9,2.6,3,40.09,High,13.85,96,2.19,103.07,3.67
913,52,Male,84.8,1.85,189,152,50,1.19,895.0,Cardio,23.4,3.2,2,24.78,Mid,12.54,139,1.43,80.42,2.33
914,47,Male,80.0,1.77,171,149,68,0.72,531.0,HIIT,28.2,3.5,3,25.54,High,12.29,103,1.88,87.13,5.0
915,48,Male,73.1,1.83,194,131,71,1.05,681.0,Yoga,28.0,2.8,4,21.83,Low,10.81,123,0.95,67.53,3.67
916,22,Male,117.3,1.68,172,134,57,1.24,914.0,Yoga,28.5,2.7,3,41.56,Low,12.28,115,1.03,77.91,2.33
917,31,Female,77.4,1.71,190,137,52,1.26,863.0,Cardio,26.2,1.8,4,26.47,Mid,11.42,138,1.12,72.11,3.67
918,28,Female,72.9,1.67,197,147,74,1.13,831.0,Cardio,34.7,2.2,3,26.14,Mid,12.26,123,1.08,74.62,3.67
919,26,Female,71.2,1.5,182,142,54,1.15,816.0,Cardio,34.6,2.6,2,31.64,Mid,11.83,128,1.28,78.02,2.33
920,51,Male,88.2,1.62,163,133,72,1.56,1027.0,Cardio,11.8,3.5,4,33.61,Mid,10.97,91,0.65,81.6,3.67
921,29,Female,75.6,1.8,175,149,57,1.31,976.0,Yoga,25.7,1.9,4,23.33,Low,12.42,118,1.17,85.14,2.33
922,52,Female,57.9,1.56,166,152,68,1.66,1135.0,HIIT,15.8,2.7,4,23.79,High,11.4,98,0.84,91.57,5.0
923,52,Female,70.6,1.58,181,164,67,1.02,753.0,HIIT,34.9,2.0,3,28.28,High,12.3,114,1.58,90.61,3.67
924,18,Male,118.6,1.64,188,134,67,0.94,693.0,Cardio,25.6,2.7,3,44.1,Mid,12.29,121,1.19,71.28,5.0
925,57,Male,55.7,1.99,170,126,70,1.13,705.0,Strength,23.6,3.0,3,14.07,High,10.4,100,0.83,74.12,3.67
926,39,Male,102.3,1.94,192,134,50,0.89,656.0,Yoga,22.9,2.4,3,27.18,Low,12.28,142,1.57,69.79,2.33
927,46,Male,72.6,1.87,188,161,64,1.31,1044.0,HIIT,22.6,3.4,4,20.76,High,13.28,124,1.23,85.64,3.67
928,25,Female,63.8,1.68,198,165,67,0.95,784.0,Cardio,31.6,1.9,2,22.6,Mid,13.75,131,1.72,83.33,3.67
929,28,Female,67.3,1.67,171,157,74,0.61,479.0,Strength,29.2,2.3,3,24.13,High,13.09,97,2.27,91.81,5.0
930,58,Female,59.3,1.58,166,165,56,1.97,1463.0,Strength,19.8,2.7,4,23.75,High,12.38,110,0.92,99.4,2.33
931,54,Female,70.7,1.57,198,163,65,1.14,836.0,Cardio,31.8,2.1,3,28.68,Mid,12.22,133,1.43,82.32,3.67
932,31,Male,86.9,1.69,185,130,65,1.72,1230.0,Yoga,14.0,3.5,4,30.43,Low,11.92,120,0.63,70.27,3.67
933,47,Male,98.2,1.9,199,148,64,0.76,557.0,HIIT,22.9,3.0,3,27.2,High,12.21,135,1.84,74.37,5.0
934,52,Male,63.6,1.62,168,150,55,1.3,965.0,Strength,20.8,2.3,4,24.23,High,12.37,113,1.22,89.29,3.67
935,38,Female,45.2,1.68,193,144,58,1.01,727.0,HIIT,29.9,2.4,3,16.01,High,12.0,135,1.42,74.61,2.33
936,54,Male,117.2,1.62,172,143,56,1.04,736.0,HIIT,23.1,2.3,4,44.66,High,11.79,116,1.39,83.14,3.67
937,22,Male,107.4,1.74,195,138,63,1.34,1017.0,Strength,22.0,2.2,2,35.47,High,12.65,132,0.93,70.77,3.67
938,36,Female,59.1,1.78,184,121,60,0.85,514.0,Cardio,34.5,2.2,2,18.65,Mid,10.08,124,1.2,65.76,5.0
939,31,Female,53.3,1.64,183,141,70,0.57,402.0,Strength,29.4,2.4,3,19.82,High,11.75,113,2.08,77.05,3.67
940,43,Male,46.2,1.63,176,139,65,1.18,812.0,Strength,21.7,2.1,2,17.39,High,11.47,111,1.05,78.98,3.67
941,21,Male,67.0,1.61,161,152,74,1.32,1104.0,Yoga,22.0,2.1,3,25.85,Low,13.94,87,0.98,94.41,3.67
942,42,Male,86.3,1.77,172,127,55,1.77,1113.0,HIIT,11.4,3.5,4,27.55,High,10.48,117,0.68,73.84,2.33
943,59,Male,85.5,1.67,190,144,71,1.99,1418.0,Cardio,15.0,3.5,5,30.66,Mid,11.88,119,0.61,75.79,3.67
944,42,Male,70.2,1.87,188,165,65,1.38,1127.0,HIIT,22.7,3.4,3,20.07,High,13.61,123,1.21,87.77,5.0
945,35,Male,127.1,1.62,187,128,69,1.02,718.0,Strength,23.3,3.4,4,48.43,High,11.73,118,0.96,68.45,3.67
946,57,Female,75.6,1.67,186,153,65,1.05,723.0,Cardio,31.6,1.8,3,27.11,Mid,11.48,121,1.4,82.26,3.67
947,25,Female,62.6,1.65,174,142,61,1.2,852.0,Cardio,27.9,2.2,3,22.99,Mid,11.83,113,1.12,81.61,5.0
948,56,Female,55.7,1.53,190,124,66,1.91,1066.0,Cardio,16.1,2.7,5,23.79,Mid,9.3,124,0.51,65.26,3.67
949,57,Male,96.1,1.74,199,144,54,1.21,862.0,Cardio,21.6,2.8,3,31.74,Mid,11.87,145,1.24,72.36,2.33
950,31,Female,76.7,1.62,174,127,74,1.39,883.0,Yoga,28.1,2.3,4,29.23,Low,10.59,100,0.64,72.99,3.67
951,49,Male,57.2,1.89,192,135,62,1.14,762.0,Cardio,21.1,3.5,2,16.01,Mid,11.14,130,1.07,70.31,2.33
952,55,Male,69.9,1.81,179,167,57,1.2,992.0,Strength,20.2,2.1,4,21.34,High,13.78,122,1.53,93.3,2.33
953,50,Female,67.9,1.77,171,164,73,1.03,760.0,Yoga,33.0,2.4,3,21.67,Low,12.3,98,1.47,95.91,3.67
954,40,Male,87.9,1.87,196,134,54,1.96,1445.0,Strength,10.7,3.5,5,25.14,High,12.29,142,0.68,68.37,2.33
955,32,Male,102.8,1.98,168,120,61,1.24,818.0,Strength,27.8,2.8,3,26.22,High,10.99,107,0.79,71.43,3.67
956,50,Female,51.8,1.5,182,141,58,1.32,838.0,HIIT,33.0,2.2,3,23.02,High,10.58,124,1.05,77.47,3.67
957,42,Female,57.7,1.57,167,122,52,1.83,1005.0,Cardio,17.7,2.7,4,23.41,Mid,9.15,115,0.64,73.05,3.67
958,34,Female,66.5,1.69,191,157,52,0.81,636.0,Cardio,28.1,2.3,3,23.28,Mid,13.09,139,2.16,82.2,2.33
959,50,Male,95.4,1.61,173,133,50,1.16,764.0,Strength,21.5,3.6,4,36.8,High,10.98,123,1.19,76.88,3.67
960,19,Female,69.2,1.6,186,155,74,1.17,907.0,Cardio,32.4,1.6,3,27.03,Mid,12.92,112,1.15,83.33,3.67
961,31,Female,66.6,1.67,184,137,71,1.02,699.0,Yoga,31.0,1.5,4,23.88,Low,11.42,113,1.08,74.46,3.67
962,57,Male,83.4,1.65,172,166,67,1.57,1290.0,HIIT,13.3,3.5,4,30.63,High,13.69,105,1.05,96.51,3.67
963,57,Female,43.8,1.75,180,160,73,1.39,1001.0,Cardio,25.1,1.7,2,14.3,Mid,12.0,107,1.04,88.89,2.33
964,56,Female,64.2,1.69,190,137,61,1.99,1227.0,Cardio,19.6,2.7,5,22.48,Mid,10.28,129,0.64,72.11,3.67
965,23,Female,44.1,1.62,196,122,58,0.58,354.0,Yoga,25.7,2.7,2,16.8,Low,10.17,138,1.84,62.24,2.33
966,23,Male,87.3,1.91,164,129,58,1.87,1327.0,HIIT,11.8,3.5,5,23.93,High,11.83,106,0.63,78.66,2.33
967,20,Male,55.0,1.6,172,168,67,1.12,1035.0,Yoga,24.0,3.2,4,21.48,Low,15.4,105,1.5,97.67,3.67
968,24,Male,87.1,1.74,187,158,67,1.57,1364.0,Strength,10.0,3.5,4,28.77,High,14.48,120,0.97,84.49,5.0
969,25,Male,66.6,1.61,184,166,56,1.38,1260.0,Strength,25.0,3.0,2,25.69,High,15.22,128,1.33,90.22,3.67
970,59,Female,60.4,1.76,194,120,53,1.72,929.0,Cardio,18.8,2.7,5,19.5,Mid,9.0,141,0.65,61.86,2.33
971,32,Male,126.4,1.83,198,146,62,1.1,883.0,HIIT,28.2,2.1,3,37.74,High,13.38,136,1.27,73.74,5.0
972,46,Male,88.7,1.63,166,146,66,0.75,542.0,Strength,28.8,3.5,2,33.38,High,12.04,100,1.78,87.95,5.0
